,simulated
AAACATACAACCAC-1-False,False
AAACATTGAGCTAC-1-False,False
AAACATTGATCAGC-1-False,False
AAACCGTGCTTCCG-1-False,False
AAACCGTGTATGCG-1-False,False
AAACGCACTGGTAC-1-False,False
AAACGCTGACCAGT-1-False,False
AAACGCTGGTTCTT-1-False,False
AAACGCTGTAGCCA-1-False,False
AAACGCTGTTTCTG-1-False,False
AAACTTGAAAAACG-1-False,False
AAACTTGATCCAGA-1-False,False
AAAGAGACGAGATA-1-False,False
AAAGAGACGCGAGA-1-False,False
AAAGAGACGGACTT-1-False,False
AAAGAGACGGCATT-1-False,False
AAAGATCTGGGCAA-1-False,False
AAAGCAGAAGCCAT-1-False,False
AAAGCAGATATCGG-1-False,False
AAAGCCTGTATGCG-1-False,False
AAAGGCCTGTCTAG-1-False,False
AAAGTTTGATCACG-1-False,False
AAAGTTTGGGGTGA-1-False,False
AAAGTTTGTAGAGA-1-False,False
AAAGTTTGTAGCGT-1-False,False
AAATCAACAATGCC-1-False,False
AAATCAACACCAGT-1-False,False
AAATCAACCAGGAG-1-False,False
AAATCAACCCTATT-1-False,False
AAATCAACGGAAGC-1-False,False
AAATCAACTCGCAA-1-False,False
AAATCATGACCACA-1-False,False
AAATCCCTCCACAA-1-False,False
AAATCCCTGCTATG-1-False,False
AAATGTTGAACGAA-1-False,False
AAATGTTGCCACAA-1-False,False
AAATGTTGTGGCAT-1-False,False
AAATTCGAAGGTTC-1-False,False
AAATTCGAATCACG-1-False,False
AAATTCGAGCTGAT-1-False,False
AAATTCGAGGAGTG-1-False,False
AAATTCGATTCTCA-1-False,False
AAATTGACACGACT-1-False,False
AAATTGACTCGCTC-1-False,False
AACAAACTCATTTC-1-False,False
AACAAACTTTCGTT-1-False,False
AACAATACGACGAG-1-False,False
AACACGTGCAGAGG-1-False,False
AACACGTGGAAAGT-1-False,False
AACACGTGGAACCT-1-False,False
AACACGTGGCTACA-1-False,False
AACACGTGTACGAC-1-False,False
AACAGCACAAGAGT-1-False,False
AACATTGATGGGAG-1-False,False
AACCAGTGATACCG-1-False,False
AACCCAGATCGCTC-1-False,False
AACCGATGCTCCCA-1-False,False
AACCGATGGTCATG-1-False,False
AACCGATGTTCTAC-1-False,False
AACCGCCTAGCGTT-1-False,False
AACCGCCTCTACGA-1-False,False
AACCTACTGTGAGG-1-False,False
AACCTACTGTGTTG-1-False,False
AACCTTACGAGACG-1-False,False
AACCTTACGCGAGA-1-False,False
AACCTTACTAACGC-1-False,False
AACCTTTGGACGGA-1-False,False
AACCTTTGTACGCA-1-False,False
AACGCAACAAGTAG-1-False,False
AACGCATGACCCAA-1-False,False
AACGCATGCCTTCG-1-False,False
AACGCATGTACTTC-1-False,False
AACGCCCTCGGGAA-1-False,False
AACGCCCTCGTACA-1-False,False
AACGCCCTGCTTAG-1-False,False
AACGCCCTGGCATT-1-False,False
AACGTCGAGTATCG-1-False,False
AACGTGTGAAAGCA-1-False,False
AACGTGTGGCGGAA-1-False,False
AACGTGTGTCCAAG-1-False,False
AACGTGTGTGCTTT-1-False,False
AACTACCTTAGAGA-1-False,False
AACTCACTCAAGCT-1-False,False
AACTCACTTGGAGG-1-False,False
AACTCGGAAAGTGA-1-False,False
AACTCGGAAGGTCT-1-False,False
AACTCTTGCAGGAG-1-False,False
AACTGTCTCCCTTG-1-False,False
AACTTGCTACGCTA-1-False,False
AACTTGCTGGGACA-1-False,False
AAGAACGAGTGTTG-1-False,False
AAGAAGACGTAGGG-1-False,False
AAGACAGAAGTCTG-1-False,False
AAGACAGAGGATCT-1-False,False
AAGACAGATTACCT-1-False,False
AAGAGATGGGTAGG-1-False,False
AAGATGGAAAACAG-1-False,False
AAGATGGAGAACTC-1-False,False
AAGATGGAGATAAG-1-False,False
AAGATTACAACCTG-1-False,False
AAGATTACAGATCC-1-False,False
AAGATTACCCGTTC-1-False,False
AAGATTACCGCCTT-1-False,False
AAGATTACCTCAAG-1-False,False
AAGATTACTCCTCG-1-False,False
AAGCAAGAGCGAGA-1-False,False
AAGCAAGAGCTTAG-1-False,False
AAGCAAGAGGTGTT-1-False,False
AAGCACTGAGCAAA-1-False,False
AAGCACTGCATACG-1-False,False
AAGCACTGGTTCTT-1-False,False
AAGCCAACGTGTTG-1-False,False
AAGCCATGAACTGC-1-False,False
AAGCCATGACACGT-1-False,False
AAGCCATGCGTGAT-1-False,False
AAGCCATGTCTCGC-1-False,False
AAGCCTGACATGCA-1-False,False
AAGCCTGACCGAAT-1-False,False
AAGCGACTCCTCAC-1-False,False
AAGCGACTGTGTCA-1-False,False
AAGCGACTTACAGC-1-False,False
AAGCGACTTTGACG-1-False,False
AAGCGTACGTCTTT-1-False,False
AAGGCTTGCGAACT-1-False,False
AAGGTCACGGTTAC-1-False,False
AAGGTCACTGTTTC-1-False,False
AAGGTCACTTCCCG-1-False,False
AAGGTCTGACAGTC-1-False,False
AAGGTCTGCAGATC-1-False,False
AAGGTCTGGTATGC-1-False,False
AAGTAACTCTGAAC-1-False,False
AAGTAACTGAGATA-1-False,False
AAGTAGGATACAGC-1-False,False
AAGTATACCGAACT-1-False,False
AAGTCCGACTTGTT-1-False,False
AAGTCCGATAGAAG-1-False,False
AAGTCTCTAGTCGT-1-False,False
AAGTCTCTCGGAGA-1-False,False
AAGTGGCTTGGAGG-1-False,False
AAGTTCCTCATTCT-1-False,False
AAGTTCCTTCTTAC-1-False,False
AATAAGCTCGAATC-1-False,False
AATAAGCTCGTTGA-1-False,False
AATACCCTGGACGA-1-False,False
AATACCCTGGCATT-1-False,False
AATACTGAAAGGGC-1-False,False
AATACTGAATTGGC-1-False,False
AATAGGGAACCCTC-1-False,False
AATAGGGAGAATGA-1-False,False
AATCAAACTATCGG-1-False,False
AATCCGGAATGCTG-1-False,False
AATCCTACCGGTAT-1-False,False
AATCCTTGACGGGA-1-False,False
AATCCTTGGTGAGG-1-False,False
AATCGGTGGAACTC-1-False,False
AATCGGTGTGCTTT-1-False,False
AATCTAGAAAAGTG-1-False,False
AATCTAGAATCGGT-1-False,False
AATCTCACAGCCTA-1-False,False
AATCTCACTCTAGG-1-False,False
AATCTCTGAACAGA-1-False,False
AATCTCTGCTTTAC-1-False,False
AATGATACACCAAC-1-False,False
AATGATACGGTCAT-1-False,False
AATGCGTGACACCA-1-False,False
AATGCGTGGACGGA-1-False,False
AATGCGTGGCTATG-1-False,False
AATGGAGAATCGTG-1-False,False
AATGGAGATCCTTA-1-False,False
AATGGCTGACACCA-1-False,False
AATGGCTGCGTGAT-1-False,False
AATGGCTGTAAAGG-1-False,False
AATGGCTGTACTCT-1-False,False
AATGGCTGTGAAGA-1-False,False
AATGTAACGGTGGA-1-False,False
AATGTAACGTTTGG-1-False,False
AATGTCCTCTTCTA-1-False,False
AATGTTGACAGTCA-1-False,False
AATGTTGAGTTGAC-1-False,False
AATGTTGATCTACT-1-False,False
AATTACGAATTCCT-1-False,False
AATTACGACTTCTA-1-False,False
AATTACGAGTAGCT-1-False,False
AATTACGAGTGAGG-1-False,False
AATTACGATTGGCA-1-False,False
AATTCCTGCTCAGA-1-False,False
AATTGATGTCGCAA-1-False,False
AATTGTGACTTGGA-1-False,False
ACAAAGGAGGGTGA-1-False,False
ACAAATTGATTCTC-1-False,False
ACAAATTGCTCAGA-1-False,False
ACAAATTGTTGCGA-1-False,False
ACAACCGAGGGATG-1-False,False
ACAACCGAGTTACG-1-False,False
ACAAGAGAAGTCGT-1-False,False
ACAAGAGACTTATC-1-False,False
ACAAGAGAGTTGAC-1-False,False
ACAATCCTAACCGT-1-False,False
ACAATCCTTAGCGT-1-False,False
ACAATTGACTGACA-1-False,False
ACAATTGATGACTG-1-False,False
ACACAGACACCTGA-1-False,False
ACACAGACCATACG-1-False,False
ACACCAGAGGGCAA-1-False,False
ACACCCTGGTGTTG-1-False,False
ACACGAACAGTTCG-1-False,False
ACACGATGACGCAT-1-False,False
ACACGATGATGTGC-1-False,False
ACACGATGTCGTAG-1-False,False
ACACGATGTGGTCA-1-False,False
ACAGACACGGCATT-1-False,False
ACAGACACGTTGTG-1-False,False
ACAGCAACACCTAG-1-False,False
ACAGCAACCTCAAG-1-False,False
ACAGGTACCCCACT-1-False,False
ACAGGTACGCTGTA-1-False,False
ACAGGTACTGGTGT-1-False,False
ACAGTCGACCCAAA-1-False,False
ACAGTCGACCGATA-1-False,False
ACAGTGACTCACCC-1-False,False
ACAGTGACTCTATC-1-False,False
ACAGTGTGGTCACA-1-False,False
ACAGTGTGTTGCGA-1-False,False
ACATCACTCTACTT-1-False,False
ACATGGTGAAGCCT-1-False,False
ACATGGTGCAACCA-1-False,False
ACATGGTGCGAGTT-1-False,False
ACATGGTGCGTTGA-1-False,False
ACATTCTGGCATAC-1-False,False
ACATTCTGGGAACG-1-False,False
ACCAACGACATGCA-1-False,False
ACCACAGAAAGTAG-1-False,False
ACCACAGAGTTGGT-1-False,False
ACCACCTGTGTGCA-1-False,False
ACCACGCTACAGCT-1-False,False
ACCACGCTACCCAA-1-False,False
ACCACGCTGCGAGA-1-False,False
ACCACGCTGCTGTA-1-False,False
ACCAGCCTGACAGG-1-False,False
ACCAGTGAACGGTT-1-False,False
ACCAGTGAATACCG-1-False,False
ACCAGTGAGGGATG-1-False,False
ACCAGTGATGACTG-1-False,False
ACCATTACCTTCTA-1-False,False
ACCATTACGAGATA-1-False,False
ACCATTTGTCATTC-1-False,False
ACCCAAGAACTGTG-1-False,False
ACCCAAGAATTCCT-1-False,False
ACCCAAGAGGACAG-1-False,False
ACCCAAGATTCACT-1-False,False
ACCCACTGCGCCTT-1-False,False
ACCCACTGGACAGG-1-False,False
ACCCACTGGTTCAG-1-False,False
ACCCACTGTCGTAG-1-False,False
ACCCAGCTCAGAAA-1-False,False
ACCCAGCTGTTAGC-1-False,False
ACCCAGCTTGCTTT-1-False,False
ACCCGTTGATGACC-1-False,False
ACCCGTTGCTGCAA-1-False,False
ACCCGTTGCTTCTA-1-False,False
ACCCTCGACCTATT-1-False,False
ACCCTCGACGGTAT-1-False,False
ACCCTCGATAAGGA-1-False,False
ACCCTCGATCAAGC-1-False,False
ACCGTGCTACCAGT-1-False,False
ACCGTGCTGGAACG-1-False,False
ACCTATTGCTGAGT-1-False,False
ACCTATTGTGCCCT-1-False,False
ACCTCCGAGTCCTC-1-False,False
ACCTCCGATATGCG-1-False,False
ACCTCCGATGCTGA-1-False,False
ACCTCGTGAACCAC-1-False,False
ACCTGAGATATCGG-1-False,False
ACCTGGCTAAGTAG-1-False,False
ACCTGGCTGTCTTT-1-False,False
ACCTTTGACTCCCA-1-False,False
ACCTTTGAGGAACG-1-False,False
ACCTTTGAGGAAGC-1-False,False
ACGAACACCTTGTT-1-False,False
ACGAACTGGCTATG-1-False,False
ACGAAGCTCTCCAC-1-False,False
ACGAAGCTCTGAGT-1-False,False
ACGACCCTATCTCT-1-False,False
ACGACCCTGATGAA-1-False,False
ACGACCCTTGACAC-1-False,False
ACGACCCTTGACCA-1-False,False
ACGAGGGACAGGAG-1-False,False
ACGAGGGACGAACT-1-False,False
ACGAGGGATGTAGC-1-False,False
ACGAGTACCCTAAG-1-False,False
ACGAGTACGAATCC-1-False,False
ACGATCGAGGACTT-1-False,False
ACGATCGAGTCACA-1-False,False
ACGATGACAATGCC-1-False,False
ACGATGACTGGTCA-1-False,False
ACGATTCTACGGGA-1-False,False
ACGCAATGGTTCAG-1-False,False
ACGCACCTGTTAGC-1-False,False
ACGCCACTGAACTC-1-False,False
ACGCCGGAAACCAC-1-False,False
ACGCCGGAAAGCCT-1-False,False
ACGCCGGAAATGCC-1-False,False
ACGCCTTGCTCCCA-1-False,False
ACGCGGTGGCGAGA-1-False,False
ACGCGGTGTGTGGT-1-False,False
ACGCGGTGTTTGCT-1-False,False
ACGCTCACAGTACC-1-False,False
ACGCTCACCCTTGC-1-False,False
ACGCTGCTGTTCTT-1-False,False
ACGGAACTCAGATC-1-False,False
ACGGAACTGTCGTA-1-False,False
ACGGAGGACTCTTA-1-False,False
ACGGATTGGGAGGT-1-False,False
ACGGATTGGTTAGC-1-False,False
ACGGCTCTGAGCAG-1-False,False
ACGGCTCTTGCACA-1-False,False
ACGGTAACCGCTAA-1-False,False
ACGGTAACCTTCGC-1-False,False
ACGGTAACGGTGGA-1-False,False
ACGGTAACTCGCAA-1-False,False
ACGGTATGAGTCGT-1-False,False
ACGGTATGGGTATC-1-False,False
ACGGTATGGTTGTG-1-False,False
ACGGTCCTAACGGG-1-False,False
ACGGTCCTCGGGAA-1-False,False
ACGTAGACAACCAC-1-False,False
ACGTAGACTACAGC-1-False,False
ACGTCAGAAACGAA-1-False,False
ACGTCAGAGAGCTT-1-False,False
ACGTCAGAGGGATG-1-False,False
ACGTCCTGATAAGG-1-False,False
ACGTCCTGTGAACC-1-False,False
ACGTCGCTCCTGAA-1-False,False
ACGTCGCTCTATTC-1-False,False
ACGTCGCTTCTCAT-1-False,False
ACGTGATGCCATGA-1-False,False
ACGTGATGGGTCTA-1-False,False
ACGTGATGTAACCG-1-False,False
ACGTGATGTGACAC-1-False,False
ACGTGCCTCCGTAA-1-False,False
ACGTGCCTTCTATC-1-False,False
ACGTTACTTTCCAT-1-False,False
ACGTTGGAAAAGCA-1-False,False
ACGTTGGAAACCTG-1-False,False
ACGTTGGACCGTAA-1-False,False
ACGTTGGAGCCAAT-1-False,False
ACGTTGGATATGGC-1-False,False
ACGTTGGATCAGGT-1-False,False
ACGTTTACATCAGC-1-False,False
ACTAAAACCCACAA-1-False,False
ACTAAAACTCGACA-1-False,False
ACTACGGAATTTCC-1-False,False
ACTACGGACCTATT-1-False,False
ACTACGGATCGCTC-1-False,False
ACTACTACTAAGGA-1-False,False
ACTAGGTGGAACCT-1-False,False
ACTAGGTGGAACTC-1-False,False
ACTATCACCTTGGA-1-False,False
ACTATCACTGCCAA-1-False,False
ACTCAGGACTGAAC-1-False,False
ACTCAGGATCTATC-1-False,False
ACTCAGGATTCGTT-1-False,False
ACTCCTCTCAACTG-1-False,False
ACTCGCACGAAAGT-1-False,False
ACTCGCACTACGAC-1-False,False
ACTCTCCTGACACT-1-False,False
ACTCTCCTGCATAC-1-False,False
ACTCTCCTGTTTGG-1-False,False
ACTGAGACAACCAC-1-False,False
ACTGAGACCCATAG-1-False,False
ACTGAGACGTTGGT-1-False,False
ACTGCCACACACGT-1-False,False
ACTGCCACTCCGTC-1-False,False
ACTGGCCTTCAGTG-1-False,False
ACTGTGGACGTGTA-1-False,False
ACTGTGGATCTAGG-1-False,False
ACTGTTACCCACAA-1-False,False
ACTGTTACTGCAGT-1-False,False
ACTTAAGAACCACA-1-False,False
ACTTAAGACCACAA-1-False,False
ACTTAAGATTACTC-1-False,False
ACTTAGCTGCGTAT-1-False,False
ACTTAGCTGGGAGT-1-False,False
ACTTCAACAAGCAA-1-False,False
ACTTCAACGTAGGG-1-False,False
ACTTCCCTTTCCGC-1-False,False
ACTTCTGACATGCA-1-False,False
ACTTGACTCCACAA-1-False,False
ACTTGGGAGAAAGT-1-False,False
ACTTGGGAGGTTTG-1-False,False
ACTTGGGATGTGAC-1-False,False
ACTTGGGATTGACG-1-False,False
ACTTGTACCCGAAT-1-False,False
ACTTGTACCTGTCC-1-False,False
ACTTTGTGCGATAC-1-False,False
ACTTTGTGGAAAGT-1-False,False
ACTTTGTGGATAGA-1-False,False
AGAAACGAAAGTAG-1-False,False
AGAAAGTGCGCAAT-1-False,False
AGAAAGTGGGGATG-1-False,False
AGAACAGAAATGCC-1-False,False
AGAACAGACGACTA-1-False,False
AGAACAGAGACAAA-1-False,False
AGAACGCTTTGCTT-1-False,False
AGAAGATGTGACTG-1-False,False
AGAATGGAAGAAGT-1-False,False
AGAATTTGTAACCG-1-False,False
AGAATTTGTAGAGA-1-False,False
AGACACACTGTAGC-1-False,False
AGACACTGTCAAGC-1-False,False
AGACCTGAAGTAGA-1-False,False
AGACCTGACCAACA-1-False,False
AGACCTGAGGAAGC-1-False,False
AGACGTACAGAGGC-1-False,False
AGACGTACCCCTAC-1-False,False
AGACGTACCTCTTA-1-False,False
AGACGTACTCGTGA-1-False,False
AGACTGACCATCAG-1-False,False
AGACTGACCCTTTA-1-False,False
AGACTTCTCATGCA-1-False,False
AGAGATGACAGTCA-1-False,False
AGAGATGACTGAAC-1-False,False
AGAGATGAGGTTTG-1-False,False
AGAGATGATCTCGC-1-False,False
AGAGATGATTGTGG-1-False,False
AGAGCGGAGGCAAG-1-False,False
AGAGGTCTACAGCT-1-False,False
AGAGTCTGGTCGTA-1-False,False
AGAGTGCTCAGCTA-1-False,False
AGAGTGCTCGAATC-1-False,False
AGAGTGCTGTCATG-1-False,False
AGAGTGCTGTCCTC-1-False,False
AGAGTGCTGTGTTG-1-False,False
AGATATACCCGTAA-1-False,False
AGATATACGATGAA-1-False,False
AGATATACTGTTCT-1-False,False
AGATATTGCCTACC-1-False,False
AGATATTGGCCAAT-1-False,False
AGATCGTGTCTGGA-1-False,False
AGATCGTGTTTGTC-1-False,False
AGATCTCTATCACG-1-False,False
AGATTAACGTTCTT-1-False,False
AGATTCCTATCGTG-1-False,False
AGATTCCTCACTTT-1-False,False
AGATTCCTGACGAG-1-False,False
AGATTCCTGTTCAG-1-False,False
AGCAAAGATATGCG-1-False,False
AGCACAACAGTCTG-1-False,False
AGCACTGAGGGAGT-1-False,False
AGCACTGATATGCG-1-False,False
AGCACTGATGCTTT-1-False,False
AGCACTGATTGCGA-1-False,False
AGCATCGAAGATCC-1-False,False
AGCATCGAAGGGTG-1-False,False
AGCATCGAGCTTCC-1-False,False
AGCATCGAGTGAGG-1-False,False
AGCATCGATAACCG-1-False,False
AGCATGACGATGAA-1-False,False
AGCCAATGGGGAGT-1-False,False
AGCCAATGTATCTC-1-False,False
AGCCACCTGGATCT-1-False,False
AGCCGGTGCCAATG-1-False,False
AGCCGGTGTGTTTC-1-False,False
AGCCGTCTCAATCG-1-False,False
AGCCGTCTGAGAGC-1-False,False
AGCCTCACGTTCGA-1-False,False
AGCCTCACTGTCAG-1-False,False
AGCCTCTGCAGTTG-1-False,False
AGCCTCTGCCAATG-1-False,False
AGCGAACTGGATCT-1-False,False
AGCGAACTTACTGG-1-False,False
AGCGATACGGAGCA-1-False,False
AGCGATTGAGATCC-1-False,False
AGCGCCGAATCTCT-1-False,False
AGCGCCGACAGAGG-1-False,False
AGCGCTCTACCTTT-1-False,False
AGCGGCACCGGGAA-1-False,False
AGCGGCTGATGTGC-1-False,False
AGCGGGCTTGCCAA-1-False,False
AGCGTAACATGCTG-1-False,False
AGCGTAACTGAGAA-1-False,False
AGCTCGCTACTGGT-1-False,False
AGCTCGCTCTGCTC-1-False,False
AGCTGAACCATACG-1-False,False
AGCTGAACCTCTCG-1-False,False
AGCTGCCTTGGGAG-1-False,False
AGCTGCCTTTCATC-1-False,False
AGCTGCCTTTCTGT-1-False,False
AGCTGTGATCCAAG-1-False,False
AGCTTTACAAGTAG-1-False,False
AGCTTTACACCAAC-1-False,False
AGCTTTACTCTCAT-1-False,False
AGGAAATGAGGAGC-1-False,False
AGGAACCTCTTAGG-1-False,False
AGGAACCTTGCCTC-1-False,False
AGGAATGATAACGC-1-False,False
AGGAATGATTTGTC-1-False,False
AGGAGTCTGGTTTG-1-False,False
AGGAGTCTTGTCAG-1-False,False
AGGATAGACATTTC-1-False,False
AGGATAGAGGATTC-1-False,False
AGGATGCTACTAGC-1-False,False
AGGATGCTTTAGGC-1-False,False
AGGCAACTGAAGGC-1-False,False
AGGCAGGAGTACCA-1-False,False
AGGCCTCTAGTCGT-1-False,False
AGGCCTCTCGGAGA-1-False,False
AGGCCTCTCGTAAC-1-False,False
AGGGACGACGTTGA-1-False,False
AGGGACGAGTCAAC-1-False,False
AGGGACGAGTTGTG-1-False,False
AGGGACGATAGAGA-1-False,False
AGGGACGATGCATG-1-False,False
AGGGAGTGAGCCTA-1-False,False
AGGGCCACCATACG-1-False,False
AGGGCGCTAACCAC-1-False,False
AGGGCGCTATGGTC-1-False,False
AGGGTGGACAGTCA-1-False,False
AGGGTGGACTCAAG-1-False,False
AGGGTGGAGTTGCA-1-False,False
AGGGTTTGTTCATC-1-False,False
AGGTCATGAGTGTC-1-False,False
AGGTCATGCTTATC-1-False,False
AGGTCTGATTCTCA-1-False,False
AGGTGGGAAGAATG-1-False,False
AGGTGGGAAGTTCG-1-False,False
AGGTGTTGGTTACG-1-False,False
AGGTTCGAACCTCC-1-False,False
AGGTTCGAACGTAC-1-False,False
AGGTTCGAGGGTGA-1-False,False
AGTAAGGAGTTTGG-1-False,False
AGTAAGGATTCTTG-1-False,False
AGTAATACATCACG-1-False,False
AGTAATACCGAACT-1-False,False
AGTAATTGTCCCAC-1-False,False
AGTACGTGAGGGTG-1-False,False
AGTACGTGCTGCAA-1-False,False
AGTACGTGCTTGGA-1-False,False
AGTACTCTACGTGT-1-False,False
AGTACTCTCAACCA-1-False,False
AGTACTCTCGGTAT-1-False,False
AGTAGGCTTGCCTC-1-False,False
AGTATAACTTGTCT-1-False,False
AGTATCCTAGAACA-1-False,False
AGTCACGATGAGCT-1-False,False
AGTCAGACGAATAG-1-False,False
AGTCAGACGCTTAG-1-False,False
AGTCAGACTAGAGA-1-False,False
AGTCAGACTGCACA-1-False,False
AGTCCAGATATCTC-1-False,False
AGTCCAGATTTCAC-1-False,False
AGTCGAACCAACCA-1-False,False
AGTCGCCTCCGTAA-1-False,False
AGTCTACTAGGGTG-1-False,False
AGTCTACTTGCATG-1-False,False
AGTCTTACACCACA-1-False,False
AGTCTTACTTCGCC-1-False,False
AGTCTTACTTCGGA-1-False,False
AGTGACTGCAACTG-1-False,False
AGTGTTCTAACCTG-1-False,False
AGTGTTCTATAAGG-1-False,False
AGTGTTCTCACTTT-1-False,False
AGTTAAACCACTTT-1-False,False
AGTTATGAACAGTC-1-False,False
AGTTATGACTGAGT-1-False,False
AGTTATGAGTTCAG-1-False,False
AGTTCTACCAGCTA-1-False,False
AGTTCTTGAAGCCT-1-False,False
AGTTGTCTACTACG-1-False,False
AGTTTAGATGGTCA-1-False,False
AGTTTCACGGTCTA-1-False,False
AGTTTGCTACAGTC-1-False,False
AGTTTGCTACTGGT-1-False,False
AGTTTGCTCCAAGT-1-False,False
ATAAACACAGTGCT-1-False,False
ATAAACACCACCAA-1-False,False
ATAACAACATGCTG-1-False,False
ATAACAACGTCTAG-1-False,False
ATAACAACTTTGTC-1-False,False
ATAACATGTACTCT-1-False,False
ATAACCCTGTTGGT-1-False,False
ATAACCCTTGGTAC-1-False,False
ATAAGTACGAATGA-1-False,False
ATAAGTTGGTACGT-1-False,False
ATAAGTTGTCTAGG-1-False,False
ATAATCGAGCTGAT-1-False,False
ATAATCGATGGTTG-1-False,False
ATAATGACCTACTT-1-False,False
ATAATGACTCGTGA-1-False,False
ATACAATGTTAGGC-1-False,False
ATACCACTCGTACA-1-False,False
ATACCACTCTAAGC-1-False,False
ATACCACTGCCAAT-1-False,False
ATACCGGAATGCTG-1-False,False
ATACCGGACATTTC-1-False,False
ATACCGGACTTCGC-1-False,False
ATACCGGAGGTGTT-1-False,False
ATACCGGATCTCGC-1-False,False
ATACCTACGCATCA-1-False,False
ATACCTTGGGGCAA-1-False,False
ATACGGACAGACTC-1-False,False
ATACGGACCTACTT-1-False,False
ATACGGACGAGGTG-1-False,False
ATACGGACTATGCG-1-False,False
ATACGGACTCTGGA-1-False,False
ATACGTCTTAACGC-1-False,False
ATACTCTGCTTCGC-1-False,False
ATACTCTGGTATGC-1-False,False
ATAGATACCATGGT-1-False,False
ATAGATACGACGAG-1-False,False
ATAGATTGGTGTAC-1-False,False
ATAGCCGAACGGAG-1-False,False
ATAGCGTGCAGATC-1-False,False
ATAGCGTGCCCTTG-1-False,False
ATAGCGTGGTATCG-1-False,False
ATAGCGTGTCTCTA-1-False,False
ATAGCTCTCTGATG-1-False,False
ATAGCTCTGAGGTG-1-False,False
ATAGGAGAAACAGA-1-False,False
ATAGGCTGTCAGAC-1-False,False
ATAGTCCTAGTGTC-1-False,False
ATAGTCCTTGCATG-1-False,False
ATAGTCCTTGTCGA-1-False,False
ATAGTTGACAACTG-1-False,False
ATAGTTGACCCTCA-1-False,False
ATAGTTGAGACGTT-1-False,False
ATAGTTGATAAGCC-1-False,False
ATATACGAAGCCAT-1-False,False
ATATACGAATTGGC-1-False,False
ATATAGTGGAATGA-1-False,False
ATATGCCTAGATCC-1-False,False
ATATGCCTGGACAG-1-False,False
ATATGCCTTCTCTA-1-False,False
ATATGCCTTGGTAC-1-False,False
ATCAAATGAGCCTA-1-False,False
ATCAAATGGGTAAA-1-False,False
ATCAACCTAAACGA-1-False,False
ATCAACCTGAGGAC-1-False,False
ATCAACCTTCTCTA-1-False,False
ATCAACCTTTGTCT-1-False,False
ATCACACTTTGTCT-1-False,False
ATCACGGATTGCTT-1-False,False
ATCACGGATTTCGT-1-False,False
ATCATCTGACACCA-1-False,False
ATCATGCTAGAGTA-1-False,False
ATCATGCTGAACCT-1-False,False
ATCCAGGACGCTAA-1-False,False
ATCCAGGATGGAAA-1-False,False
ATCCATACTCCTTA-1-False,False
ATCCATACTTCATC-1-False,False
ATCCCGTGCAGTCA-1-False,False
ATCCCGTGCATGCA-1-False,False
ATCCCGTGGCTGAT-1-False,False
ATCCGCACGCATCA-1-False,False
ATCCTAACGACGGA-1-False,False
ATCCTAACGCTACA-1-False,False
ATCGACGAAACTGC-1-False,False
ATCGACGAATGACC-1-False,False
ATCGAGTGGACGTT-1-False,False
ATCGCAGAATCTCT-1-False,False
ATCGCAGAGTGTCA-1-False,False
ATCGCCACTGAGGG-1-False,False
ATCGCCTGGGTCAT-1-False,False
ATCGCCTGTGGCAT-1-False,False
ATCGCGCTCAGAGG-1-False,False
ATCGCGCTGGGATG-1-False,False
ATCGCGCTTTTCGT-1-False,False
ATCGGAACCAGTCA-1-False,False
ATCGGTGAGTCAAC-1-False,False
ATCGGTGATTGCAG-1-False,False
ATCGTTTGCCTACC-1-False,False
ATCGTTTGGGTACT-1-False,False
ATCGTTTGTGCCAA-1-False,False
ATCTACACCCGCTT-1-False,False
ATCTACACCGGGAA-1-False,False
ATCTCAACAGGAGC-1-False,False
ATCTCAACCTCGAA-1-False,False
ATCTCAACCTTGTT-1-False,False
ATCTGGGAAACCAC-1-False,False
ATCTGGGAAGTGTC-1-False,False
ATCTGGGATTCCGC-1-False,False
ATCTGTTGAACGGG-1-False,False
ATCTGTTGACCTCC-1-False,False
ATCTGTTGCCTTCG-1-False,False
ATCTGTTGGTTGCA-1-False,False
ATCTTGACACCAAC-1-False,False
ATCTTGACCTCCCA-1-False,False
ATCTTTCTGCATCA-1-False,False
ATCTTTCTGTTTCT-1-False,False
ATCTTTCTTGTCCC-1-False,False
ATGAAACTCTGTGA-1-False,False
ATGAAACTGAGGCA-1-False,False
ATGAAGGAACAGCT-1-False,False
ATGAAGGACCTGTC-1-False,False
ATGAAGGACCTTAT-1-False,False
ATGAAGGACTAGTG-1-False,False
ATGAAGGACTTGCC-1-False,False
ATGACGTGACGACT-1-False,False
ATGACGTGATCGGT-1-False,False
ATGAGAGAAAGTGA-1-False,False
ATGAGAGAACGCAT-1-False,False
ATGAGAGAAGTAGA-1-False,False
ATGAGCACACAGCT-1-False,False
ATGAGCACATCTTC-1-False,False
ATGATAACTTCACT-1-False,False
ATGATATGAAACAG-1-False,False
ATGATATGACTGGT-1-False,False
ATGATATGAGCACT-1-False,False
ATGATATGGTCATG-1-False,False
ATGATATGGTGCTA-1-False,False
ATGATATGTTGTCT-1-False,False
ATGCACGAATGTCG-1-False,False
ATGCACGACTGTAG-1-False,False
ATGCACGAGAACCT-1-False,False
ATGCACGAGTTCGA-1-False,False
ATGCACGATTGGTG-1-False,False
ATGCAGTGTTACCT-1-False,False
ATGCAGTGTTCTAC-1-False,False
ATGCCAGAACGACT-1-False,False
ATGCCAGACAGTCA-1-False,False
ATGCCGCTTGAACC-1-False,False
ATGCGATGCTATGG-1-False,False
ATGCGATGCTGAGT-1-False,False
ATGCGATGGTTACG-1-False,False
ATGCGCCTTCATTC-1-False,False
ATGCTTTGCGAATC-1-False,False
ATGCTTTGGGCGAA-1-False,False
ATGCTTTGTAGTCG-1-False,False
ATGGACACATCGGT-1-False,False
ATGGACACGCATCA-1-False,False
ATGGGTACAACCTG-1-False,False
ATGGGTACATCGGT-1-False,False
ATGGGTACTATTCC-1-False,False
ATGGGTACTGGGAG-1-False,False
ATGTAAACACCTCC-1-False,False
ATGTAAACCCGCTT-1-False,False
ATGTAAACGGGATG-1-False,False
ATGTAAACTCTCCG-1-False,False
ATGTAAACTTCACT-1-False,False
ATGTACCTCAGTCA-1-False,False
ATGTACCTTAGTCG-1-False,False
ATGTACCTTTATCC-1-False,False
ATGTACCTTTCACT-1-False,False
ATGTCACTAATGCC-1-False,False
ATGTCACTCTGCTC-1-False,False
ATGTCGGAGGTGAG-1-False,False
ATGTTCACAGTCTG-1-False,False
ATGTTCACCGTAGT-1-False,False
ATGTTGCTTTCAGG-1-False,False
ATTAACGATGAGAA-1-False,False
ATTAACGATGCAAC-1-False,False
ATTAAGACTGCAGT-1-False,False
ATTACCTGCCTTAT-1-False,False
ATTACCTGGAGGAC-1-False,False
ATTACCTGGGCATT-1-False,False
ATTAGATGTTTCAC-1-False,False
ATTATGGAATCTCT-1-False,False
ATTCAAGAACGGGA-1-False,False
ATTCAAGACCTTTA-1-False,False
ATTCAGCTCATTGG-1-False,False
ATTCCAACCATTGG-1-False,False
ATTCCAACTTAGGC-1-False,False
ATTCGACTCACTAG-1-False,False
ATTCGACTGAATAG-1-False,False
ATTCGACTTTTGTC-1-False,False
ATTCGGGAAAGGCG-1-False,False
ATTCGGGATTAGGC-1-False,False
ATTCTTCTGATACC-1-False,False
ATTGAATGGACGGA-1-False,False
ATTGATGAAGGTTC-1-False,False
ATTGATGACTGAGT-1-False,False
ATTGATGAGCGAAG-1-False,False
ATTGATGATCTATC-1-False,False
ATTGCACTGACGGA-1-False,False
ATTGCACTGAGAGC-1-False,False
ATTGCACTGGAGCA-1-False,False
ATTGCACTTAGCCA-1-False,False
ATTGCACTTGCTTT-1-False,False
ATTGCTTGTTACTC-1-False,False
ATTGGTCTGACTAC-1-False,False
ATTGGTCTTGTCTT-1-False,False
ATTGTAGATTCCCG-1-False,False
ATTGTAGATTGCAG-1-False,False
ATTGTCTGCGTACA-1-False,False
ATTTAGGAACCATG-1-False,False
ATTTAGGACAGAGG-1-False,False
ATTTCCGAGATGAA-1-False,False
ATTTCCGAGTGCTA-1-False,False
ATTTCGTGTATGGC-1-False,False
ATTTCTCTACTTTC-1-False,False
ATTTCTCTAGCAAA-1-False,False
ATTTCTCTCACTTT-1-False,False
ATTTCTCTTCCCAC-1-False,False
ATTTGCACAAGATG-1-False,False
CAAAGCACAGCTCA-1-False,False
CAAAGCACCGTAAC-1-False,False
CAAAGCACGGTAAA-1-False,False
CAAAGCTGAAAGTG-1-False,False
CAAAGCTGTTGCTT-1-False,False
CAAATATGTGACAC-1-False,False
CAAATTGAGGGCAA-1-False,False
CAAATTGATGGAGG-1-False,False
CAACCAGAAAAGTG-1-False,False
CAACCAGAAGTGCT-1-False,False
CAACCAGAGTTCAG-1-False,False
CAACCAGATAGAAG-1-False,False
CAACCGCTGTTCAG-1-False,False
CAACCGCTTTGAGC-1-False,False
CAACGATGCGCAAT-1-False,False
CAACGTGACTCCAC-1-False,False
CAACGTGAGCCATA-1-False,False
CAACGTGATCAAGC-1-False,False
CAAGAAGACCACAA-1-False,False
CAAGAAGACGTCTC-1-False,False
CAAGAAGATTCTAC-1-False,False
CAAGACTGACCTGA-1-False,False
CAAGACTGAGTAGA-1-False,False
CAAGCTGACCATAG-1-False,False
CAAGCTGATCTATC-1-False,False
CAAGGACTGTTCAG-1-False,False
CAAGGACTTCTTTG-1-False,False
CAAGGTTGCTCCAC-1-False,False
CAAGGTTGTCATTC-1-False,False
CAAGGTTGTCTGGA-1-False,False
CAAGTCGAAACAGA-1-False,False
CAAGTCGATAGCGT-1-False,False
CAATAAACGCCATA-1-False,False
CAATAATGAACTGC-1-False,False
CAATATGACATGGT-1-False,False
CAATATGACCTTCG-1-False,False
CAATATGACGTTAG-1-False,False
CAATATGAGGAGCA-1-False,False
CAATCGGAGAAACA-1-False,False
CAATCTACTGACTG-1-False,False
CAATTCACCCAACA-1-False,False
CAATTCACGATAGA-1-False,False
CAATTCACTTGTGG-1-False,False
CAATTCTGCTTGTT-1-False,False
CAATTCTGGCGTAT-1-False,False
CACAACGATACGAC-1-False,False
CACAATCTTGTTCT-1-False,False
CACAATCTTTCCAT-1-False,False
CACACCTGCTTGAG-1-False,False
CACACCTGTATGGC-1-False,False
CACAGAACCCTTGC-1-False,False
CACAGAACCTGATG-1-False,False
CACAGATGGGATTC-1-False,False
CACAGATGGTTTCT-1-False,False
CACAGCCTGATACC-1-False,False
CACAGCCTTGCCAA-1-False,False
CACAGCCTTGTAGC-1-False,False
CACAGTGATGAAGA-1-False,False
CACATACTACAGCT-1-False,False
CACATGGAACACGT-1-False,False
CACATGGAAGTCGT-1-False,False
CACCACTGCCAACA-1-False,False
CACCACTGGCGAAG-1-False,False
CACCCATGTTCTGT-1-False,False
CACCGGGAATCGAC-1-False,False
CACCGGGACGAGAG-1-False,False
CACCGGGACGTGTA-1-False,False
CACCGGGACTTCTA-1-False,False
CACCGGGACTTGCC-1-False,False
CACCGGGATTCGGA-1-False,False
CACCGTACTAAGGA-1-False,False
CACCGTACTAGCGT-1-False,False
CACCTGACACCCAA-1-False,False
CACCTGACCAGAAA-1-False,False
CACCTGACCTCAAG-1-False,False
CACCTGACGAAAGT-1-False,False
CACCTGACTCGTAG-1-False,False
CACGAAACTTCCGC-1-False,False
CACGACCTCGATAC-1-False,False
CACGCTACAGAAGT-1-False,False
CACGCTACTGTTCT-1-False,False
CACGCTACTTGACG-1-False,False
CACGGGACAGAGTA-1-False,False
CACGGGACATAAGG-1-False,False
CACGGGACGTAGGG-1-False,False
CACGGGTGCTTCGC-1-False,False
CACGGGTGGAGGAC-1-False,False
CACGGGTGTGTTTC-1-False,False
CACTAACTCCTAAG-1-False,False
CACTAACTGAAAGT-1-False,False
CACTAGGATGATGC-1-False,False
CACTATACCCCGTT-1-False,False
CACTATACGTTTGG-1-False,False
CACTGAGACAGTCA-1-False,False
CACTGCACTTCATC-1-False,False
CACTGCTGAGACTC-1-False,False
CACTGCTGGAAAGT-1-False,False
CACTTAACCGAATC-1-False,False
CACTTAACCGTACA-1-False,False
CACTTTGACTCTAT-1-False,False
CACTTTGAGCTGTA-1-False,False
CAGAAGCTCTCAAG-1-False,False
CAGACATGAACGGG-1-False,False
CAGACATGTCGACA-1-False,False
CAGACCCTAAGGTA-1-False,False
CAGACCCTAATGCC-1-False,False
CAGACCCTAGGAGC-1-False,False
CAGACTGAGTATGC-1-False,False
CAGATCGAATGTCG-1-False,False
CAGATCGACCTGAA-1-False,False
CAGATCGATATGGC-1-False,False
CAGATGACATTCTC-1-False,False
CAGCAATGCCTTCG-1-False,False
CAGCAATGGAGGGT-1-False,False
CAGCAATGGTGCTA-1-False,False
CAGCAATGTCTACT-1-False,False
CAGCAATGTGACCA-1-False,False
CAGCAATGTGAGGG-1-False,False
CAGCACCTAAGCCT-1-False,False
CAGCACCTAGGCGA-1-False,False
CAGCACCTGTAGGG-1-False,False
CAGCATGACAACCA-1-False,False
CAGCATGAGACGTT-1-False,False
CAGCCTACCCAACA-1-False,False
CAGCCTTGCTACCC-1-False,False
CAGCCTTGGGGACA-1-False,False
CAGCGGACACCCTC-1-False,False
CAGCGGACCTTTAC-1-False,False
CAGCGTCTAAAGCA-1-False,False
CAGCGTCTTATCGG-1-False,False
CAGCTAGATGTGAC-1-False,False
CAGCTCTGAGGCGA-1-False,False
CAGCTCTGCAAGCT-1-False,False
CAGCTCTGTCGTAG-1-False,False
CAGCTCTGTGTGGT-1-False,False
CAGGAACTAACTGC-1-False,False
CAGGAACTCTCAGA-1-False,False
CAGGCCGAACACCA-1-False,False
CAGGCCGAACACGT-1-False,False
CAGGCCGAACGACT-1-False,False
CAGGCCGAATCTCT-1-False,False
CAGGCCGACTAGCA-1-False,False
CAGGGCACCATACG-1-False,False
CAGGGCACCCAACA-1-False,False
CAGGGCACTCCCGT-1-False,False
CAGGTAACAGACTC-1-False,False
CAGGTATGAGTCGT-1-False,False
CAGGTATGTGCTTT-1-False,False
CAGGTTGAGGATCT-1-False,False
CAGTGATGGACGGA-1-False,False
CAGTGATGGCTAAC-1-False,False
CAGTGATGGGACAG-1-False,False
CAGTGATGTAAGGA-1-False,False
CAGTGATGTACGCA-1-False,False
CAGTGTGAACACGT-1-False,False
CAGTGTGATGTCAG-1-False,False
CAGTTACTAAGGTA-1-False,False
CAGTTACTGATAGA-1-False,False
CAGTTGGAAAGAGT-1-False,False
CAGTTGGACATACG-1-False,False
CAGTTTACACACGT-1-False,False
CAGTTTACCCCAAA-1-False,False
CATAAAACGGAGCA-1-False,False
CATAAATGAACTGC-1-False,False
CATAACCTTCTCCG-1-False,False
CATACTACCTCGAA-1-False,False
CATACTACCTGAAC-1-False,False
CATACTACGTACCA-1-False,False
CATACTTGGGTTAC-1-False,False
CATAGTCTAATCGC-1-False,False
CATAGTCTCACTTT-1-False,False
CATATAGACTAAGC-1-False,False
CATATAGATCAGGT-1-False,False
CATCAACTAGAAGT-1-False,False
CATCAACTCCCTCA-1-False,False
CATCAGGACTTCCG-1-False,False
CATCAGGATAGCCA-1-False,False
CATCAGGATCCTAT-1-False,False
CATCAGGATGCACA-1-False,False
CATCAGGATTTCGT-1-False,False
CATCATACCGCATA-1-False,False
CATCATACGGAGCA-1-False,False
CATCATACTCAAGC-1-False,False
CATCGCTGGGATCT-1-False,False
CATCGCTGTGGCAT-1-False,False
CATCGGCTATGCTG-1-False,False
CATCGGCTTTGGCA-1-False,False
CATCTCCTATGTGC-1-False,False
CATCTCCTCGAACT-1-False,False
CATGAGACACGGGA-1-False,False
CATGAGACGTTGAC-1-False,False
CATGAGACTCGCCT-1-False,False
CATGCCACGGGTGA-1-False,False
CATGCCACTGCCAA-1-False,False
CATGCGCTAGTCAC-1-False,False
CATGCGCTCAGATC-1-False,False
CATGCGCTTTGCAG-1-False,False
CATGGCCTAGGGTG-1-False,False
CATGGCCTGTGCAT-1-False,False
CATGTACTATCGTG-1-False,False
CATGTTACAGTCGT-1-False,False
CATGTTACCTGAGT-1-False,False
CATGTTTGGGGATG-1-False,False
CATTACACACGGAG-1-False,False
CATTACACCAACTG-1-False,False
CATTACACGGAGTG-1-False,False
CATTACACTACTCT-1-False,False
CATTAGCTCCACAA-1-False,False
CATTGACTAGCGGA-1-False,False
CATTGGGACTCGAA-1-False,False
CATTGTACAGCGTT-1-False,False
CATTGTACTCGATG-1-False,False
CATTGTACTTATCC-1-False,False
CATTGTACTTTGCT-1-False,False
CATTGTTGCTAGTG-1-False,False
CATTTCGACTCTAT-1-False,False
CATTTCGAGATACC-1-False,False
CATTTGACCACACA-1-False,False
CATTTGACCCTGAA-1-False,False
CATTTGTGACGACT-1-False,False
CATTTGTGCATTGG-1-False,False
CATTTGTGCGGAGA-1-False,False
CATTTGTGGGATCT-1-False,False
CCAAAGTGCTACGA-1-False,False
CCAAAGTGTGAGAA-1-False,False
CCAACCTGAAGTAG-1-False,False
CCAACCTGACGTAC-1-False,False
CCAACCTGTTCGCC-1-False,False
CCAAGAACCCAATG-1-False,False
CCAAGAACGTAGCT-1-False,False
CCAAGAACGTGTCA-1-False,False
CCAAGAACTACTGG-1-False,False
CCAAGAACTCCTAT-1-False,False
CCAAGATGTCATTC-1-False,False
CCAAGATGTTTCAC-1-False,False
CCAAGTGAGGAACG-1-False,False
CCAAGTGATCAAGC-1-False,False
CCAATGGAACAGCT-1-False,False
CCAATTTGAACGTC-1-False,False
CCACCATGAACGTC-1-False,False
CCACCATGATCGGT-1-False,False
CCACCATGGACGAG-1-False,False
CCACCATGGGGAGT-1-False,False
CCACCATGTCCTGC-1-False,False
CCACTGACCCGCTT-1-False,False
CCACTGTGGGAAGC-1-False,False
CCACTGTGTGTAGC-1-False,False
CCACTTCTCGGGAA-1-False,False
CCAGAAACCCTGTC-1-False,False
CCAGAAACGAACTC-1-False,False
CCAGAAACGGTCTA-1-False,False
CCAGACCTCTGAGT-1-False,False
CCAGACCTTGTGGT-1-False,False
CCAGCACTGCGATT-1-False,False
CCAGCGGAAAGGCG-1-False,False
CCAGCGGACGACTA-1-False,False
CCAGCGGATGGGAG-1-False,False
CCAGCTACACAGTC-1-False,False
CCAGCTACCAGCTA-1-False,False
CCAGGTCTACACCA-1-False,False
CCAGGTCTAGCATC-1-False,False
CCAGGTCTATGGTC-1-False,False
CCAGTCACACTGGT-1-False,False
CCAGTCACACTGTG-1-False,False
CCAGTCACGTTGTG-1-False,False
CCAGTCTGCGGAGA-1-False,False
CCAGTGCTAACCAC-1-False,False
CCAGTGCTCGTAGT-1-False,False
CCATCCGAAAGCAA-1-False,False
CCATCCGAACGACT-1-False,False
CCATCCGAAGGTTC-1-False,False
CCATCCGATTCGCC-1-False,False
CCATCGTGAACGGG-1-False,False
CCATCGTGCTAGAC-1-False,False
CCCAACACCTCGCT-1-False,False
CCCAACACGCATCA-1-False,False
CCCAACACTTTGTC-1-False,False
CCCAACTGCAATCG-1-False,False
CCCAGACTGCCTTC-1-False,False
CCCAGACTGGTTTG-1-False,False
CCCAGACTTTCGCC-1-False,False
CCCAGTTGCAGTTG-1-False,False
CCCAGTTGGGTACT-1-False,False
CCCAGTTGTCTATC-1-False,False
CCCGATTGTGTTTC-1-False,False
CCCGGAGAAGGGTG-1-False,False
CCCTACGAATTGGC-1-False,False
CCCTAGTGCAAAGA-1-False,False
CCCTCAGACACTTT-1-False,False
CCCTCAGACGAGAG-1-False,False
CCCTCAGAGGTCAT-1-False,False
CCCTGAACTAAAGG-1-False,False
CCCTGATGCAACCA-1-False,False
CCCTGATGCAAGCT-1-False,False
CCCTTACTAACCAC-1-False,False
CCCTTACTGCAGTT-1-False,False
CCGAAAACCTTGTT-1-False,False
CCGACACTGGTTTG-1-False,False
CCGACTACCCAGTA-1-False,False
CCGACTACCGTGTA-1-False,False
CCGACTACTGAGGG-1-False,False
CCGATAGACCTAAG-1-False,False
CCGATAGAGTTGGT-1-False,False
CCGCGAGACACACA-1-False,False
CCGCGAGAGGTTCA-1-False,False
CCGCTATGGGACGA-1-False,False
CCGCTATGTGCAAC-1-False,False
CCGCTATGTGCACA-1-False,False
CCGGTACTGTCCTC-1-False,False
CCGTACACAAGCAA-1-False,False
CCGTACACAGCGTT-1-False,False
CCGTACACGTCATG-1-False,False
CCGTACACGTTGGT-1-False,False
CCGTACACTAACGC-1-False,False
CCTAAACTTTCGTT-1-False,False
CCTAAGGACCCAAA-1-False,False
CCTAAGGACTAGCA-1-False,False
CCTAAGGAGGGCAA-1-False,False
CCTAAGGATGATGC-1-False,False
CCTAAGGATGTCAG-1-False,False
CCTACCGACTCTTA-1-False,False
CCTACCGAGGGATG-1-False,False
CCTAGAGAGGTGAG-1-False,False
CCTATAACCAAAGA-1-False,False
CCTATAACGAGACG-1-False,False
CCTATAACTCAGAC-1-False,False
CCTATAACTGCATG-1-False,False
CCTCGAACACTTTC-1-False,False
CCTCGAACCCGTAA-1-False,False
CCTCGAACGTATCG-1-False,False
CCTCGAACTTACTC-1-False,False
CCTCTACTCTTCGC-1-False,False
CCTCTACTGGCATT-1-False,False
CCTGACTGAAGTAG-1-False,False
CCTGACTGGGGAGT-1-False,False
CCTGACTGTGTCTT-1-False,False
CCTGCAACACGTTG-1-False,False
CCTGGACTCGTGAT-1-False,False
CCTTAATGCCCAAA-1-False,False
CCTTAATGTTCTAC-1-False,False
CCTTCACTACGACT-1-False,False
CCTTCACTCAGTCA-1-False,False
CCTTCACTGGAGTG-1-False,False
CCTTTAGATTCATC-1-False,False
CGAACATGCCCTAC-1-False,False
CGAACATGTCAGAC-1-False,False
CGAAGACTGGAACG-1-False,False
CGAAGACTGTTACG-1-False,False
CGAAGGGAAACCTG-1-False,False
CGAAGGGATCCGAA-1-False,False
CGAAGTACCAACTG-1-False,False
CGAATCGAGGAGCA-1-False,False
CGAATCGAGGAGGT-1-False,False
CGACAAACCCATAG-1-False,False
CGACAAACCGACAT-1-False,False
CGACCACTAAAGTG-1-False,False
CGACCACTGCCAAT-1-False,False
CGACCGGAAGGTCT-1-False,False
CGACCGGATGGAAA-1-False,False
CGACCTTGCTAGTG-1-False,False
CGACCTTGGCAAGG-1-False,False
CGACGTCTATCGTG-1-False,False
CGACGTCTCGTGTA-1-False,False
CGACGTCTGAGGCA-1-False,False
CGACTCACGTCGTA-1-False,False
CGACTCACGTTGCA-1-False,False
CGACTCTGTGTGAC-1-False,False
CGACTGCTTCCTCG-1-False,False
CGAGAACTAAGGCG-1-False,False
CGAGAACTACGTTG-1-False,False
CGAGAACTTGTTCT-1-False,False
CGAGATTGGACACT-1-False,False
CGAGATTGGCCATA-1-False,False
CGAGCCGAACACCA-1-False,False
CGAGCCGACGACAT-1-False,False
CGAGCCGAGGCGAA-1-False,False
CGAGCGTGCTCCAC-1-False,False
CGAGCGTGGATACC-1-False,False
CGAGCGTGTATGCG-1-False,False
CGAGGAGACCTCCA-1-False,False
CGAGGAGATGTCGA-1-False,False
CGAGGCACCTATGG-1-False,False
CGAGGCACTATGCG-1-False,False
CGAGGCACTCTTCA-1-False,False
CGAGGCTGACGCTA-1-False,False
CGAGGCTGGCAGTT-1-False,False
CGAGGGCTACGACT-1-False,False
CGAGGGCTCGAATC-1-False,False
CGAGTATGTCACCC-1-False,False
CGATACGAACAGTC-1-False,False
CGATACGACAGGAG-1-False,False
CGATACGATTCACT-1-False,False
CGATAGACCCGTAA-1-False,False
CGATAGACCGTACA-1-False,False
CGATAGACGTAGGG-1-False,False
CGATAGACTGTTCT-1-False,False
CGATCAGAAGAACA-1-False,False
CGATCAGAGAGGGT-1-False,False
CGATCAGAGGTACT-1-False,False
CGATCAGATGTGAC-1-False,False
CGATCCACCGGGAA-1-False,False
CGATCCACTTCCAT-1-False,False
CGCAAATGCTCGAA-1-False,False
CGCAACCTCCTTGC-1-False,False
CGCAACCTGGACGA-1-False,False
CGCACGGAGGACGA-1-False,False
CGCACGGATCTTTG-1-False,False
CGCACTACAGAATG-1-False,False
CGCACTACAGCCAT-1-False,False
CGCACTACATTGGC-1-False,False
CGCACTACTCGCCT-1-False,False
CGCACTACTCGTGA-1-False,False
CGCACTTGTCACGA-1-False,False
CGCAGGACAGATCC-1-False,False
CGCAGGACCTACTT-1-False,False
CGCAGGACTTGTCT-1-False,False
CGCAGGTGCACTGA-1-False,False
CGCAGGTGCCATAG-1-False,False
CGCAGGTGGGAACG-1-False,False
CGCATAGATCACGA-1-False,False
CGCCATACTGCAAC-1-False,False
CGCCATTGAGAGGC-1-False,False
CGCCATTGCTATGG-1-False,False
CGCCATTGGAGACG-1-False,False
CGCCATTGGAGCAG-1-False,False
CGCCATTGTACTGG-1-False,False
CGCCGAGAGCTTAG-1-False,False
CGCCTAACGAATGA-1-False,False
CGCCTAACTGCTCC-1-False,False
CGCGAGACACAGCT-1-False,False
CGCGAGACAGGTCT-1-False,False
CGCGAGACGCTACA-1-False,False
CGCGATCTCAGTCA-1-False,False
CGCGATCTGTTGAC-1-False,False
CGCGATCTTTCTTG-1-False,False
CGCGGATGGCCAAT-1-False,False
CGCTAAGAATGTCG-1-False,False
CGCTAAGACAACTG-1-False,False
CGCTAAGACCCTTG-1-False,False
CGCTACTGAACAGA-1-False,False
CGCTACTGAGAACA-1-False,False
CGCTACTGTGAGCT-1-False,False
CGCTACTGTTCCCG-1-False,False
CGCTCATGCATTTC-1-False,False
CGGAATTGCACTAG-1-False,False
CGGAATTGGTTTGG-1-False,False
CGGAATTGTGGAGG-1-False,False
CGGACCGATGCGTA-1-False,False
CGGACCGATGGGAG-1-False,False
CGGACTCTAAACAG-1-False,False
CGGACTCTCCAATG-1-False,False
CGGACTCTCCTCGT-1-False,False
CGGAGGCTATTCCT-1-False,False
CGGAGGCTTGGATC-1-False,False
CGGATAACAACGAA-1-False,False
CGGATAACAGCTCA-1-False,False
CGGATAACTCAGTG-1-False,False
CGGCACGAACTCAG-1-False,False
CGGCACGAAGGGTG-1-False,False
CGGCACGACTACGA-1-False,False
CGGCATCTTAGAAG-1-False,False
CGGCATCTTCGTAG-1-False,False
CGGCCAGAAAGGTA-1-False,False
CGGCCAGAGAGGCA-1-False,False
CGGCGAACCAGTCA-1-False,False
CGGCGAACGACAAA-1-False,False
CGGCGAACGGTCTA-1-False,False
CGGCGAACTACTTC-1-False,False
CGGGACTGCGTGTA-1-False,False
CGGGACTGGAATAG-1-False,False
CGGGCATGACCCAA-1-False,False
CGGGCATGTCTCTA-1-False,False
CGGGCATGTTGTGG-1-False,False
CGGTAAACTCGCAA-1-False,False
CGGTCACTGTTTGG-1-False,False
CGGTCACTTACTTC-1-False,False
CGTAACGAATCAGC-1-False,False
CGTAACGATCGCCT-1-False,False
CGTACCACACACAC-1-False,False
CGTACCACACGTTG-1-False,False
CGTACCACCTCATT-1-False,False
CGTACCACGCTACA-1-False,False
CGTACCACGGAGCA-1-False,False
CGTACCTGGACGAG-1-False,False
CGTACCTGGCATCA-1-False,False
CGTAGCCTCTCTCG-1-False,False
CGTAGCCTGCGAAG-1-False,False
CGTAGCCTGTATGC-1-False,False
CGTCAAGAAAGGTA-1-False,False
CGTCAAGAACGTGT-1-False,False
CGTCAAGACAGAGG-1-False,False
CGTCAAGACAGGAG-1-False,False
CGTCCATGCTCTTA-1-False,False
CGTCGACTTTCCGC-1-False,False
CGTGATGACGCTAA-1-False,False
CGTGATGAGGTTCA-1-False,False
CGTGCACTTATGGC-1-False,False
CGTGTAGAAAAACG-1-False,False
CGTGTAGACGATAC-1-False,False
CGTGTAGAGTTACG-1-False,False
CGTGTAGAGTTCAG-1-False,False
CGTGTAGATTCGGA-1-False,False
CGTTAGGAAACCAC-1-False,False
CGTTAGGATCATTC-1-False,False
CGTTATACCCTGAA-1-False,False
CGTTTAACTGGTCA-1-False,False
CTAAACCTCTGACA-1-False,False
CTAAACCTGTGCAT-1-False,False
CTAACACTAACGTC-1-False,False
CTAACACTAGTGCT-1-False,False
CTAACGGAACCGAT-1-False,False
CTAACGGATTTCTG-1-False,False
CTAACTACGGCAAG-1-False,False
CTAAGGACACCATG-1-False,False
CTAAGGACCGTTAG-1-False,False
CTAAGGACGCCATA-1-False,False
CTAAGGTGCCTAAG-1-False,False
CTAAGGTGTTGCAG-1-False,False
CTAAGGTGTTTCTG-1-False,False
CTAATAGAGCTATG-1-False,False
CTAATGCTTGTGGT-1-False,False
CTACAACTCCCGTT-1-False,False
CTACCTCTCAACCA-1-False,False
CTACGCACACCTAG-1-False,False
CTACGCACTCTCCG-1-False,False
CTACGCACTGGTCA-1-False,False
CTACGGCTTTCTTG-1-False,False
CTACTATGAACCAC-1-False,False
CTACTATGATGTGC-1-False,False
CTACTATGCTAAGC-1-False,False
CTACTATGTAAAGG-1-False,False
CTACTCCTATGTCG-1-False,False
CTACTCCTGCCATA-1-False,False
CTAGAGACACTTTC-1-False,False
CTAGAGACAGCATC-1-False,False
CTAGAGACTTTGGG-1-False,False
CTAGATCTCTCTAT-1-False,False
CTAGATCTTCGACA-1-False,False
CTAGGATGAGCCTA-1-False,False
CTAGGATGATCGTG-1-False,False
CTAGGCCTCTCAGA-1-False,False
CTAGGTGATGGTTG-1-False,False
CTAGTTACCAGAGG-1-False,False
CTAGTTACCGCATA-1-False,False
CTAGTTACGAAACA-1-False,False
CTAGTTTGAGTACC-1-False,False
CTATAAGATCGTTT-1-False,False
CTATACTGAGGTTC-1-False,False
CTATACTGCCAGTA-1-False,False
CTATACTGCGCTAA-1-False,False
CTATACTGCTACGA-1-False,False
CTATACTGTCTCAT-1-False,False
CTATACTGTTCGTT-1-False,False
CTATAGCTGTCACA-1-False,False
CTATAGCTTCGCTC-1-False,False
CTATAGCTTGCCTC-1-False,False
CTATCAACGAACTC-1-False,False
CTATCAACGCAGAG-1-False,False
CTATCAACTTTGGG-1-False,False
CTATCCCTCCACCT-1-False,False
CTATGTACGAGAGC-1-False,False
CTATGTACGCTTAG-1-False,False
CTATGTACTGTTTC-1-False,False
CTATGTTGAAAGCA-1-False,False
CTATGTTGTCCTCG-1-False,False
CTATGTTGTCTCGC-1-False,False
CTATTGACAAACGA-1-False,False
CTATTGACACTGGT-1-False,False
CTATTGACGGTGAG-1-False,False
CTATTGTGGCAAGG-1-False,False
CTCAATTGGTTCAG-1-False,False
CTCAATTGGTTGCA-1-False,False
CTCAGAGATAGAAG-1-False,False
CTCAGCACTCTAGG-1-False,False
CTCAGCACTGAACC-1-False,False
CTCAGCACTTGCAG-1-False,False
CTCAGCTGAACCTG-1-False,False
CTCAGCTGCAGTTG-1-False,False
CTCAGCTGTTTCTG-1-False,False
CTCAGGCTCGTTGA-1-False,False
CTCAGGCTGCTAAC-1-False,False
CTCATTGACCTTAT-1-False,False
CTCATTGATGCTTT-1-False,False
CTCATTGATTGCTT-1-False,False
CTCCACGAGAGATA-1-False,False
CTCCATCTCTTAGG-1-False,False
CTCCATCTGACGAG-1-False,False
CTCCGAACAAGTGA-1-False,False
CTCCTACTGCCTTC-1-False,False
CTCGAAGATGTGGT-1-False,False
CTCGAAGATTAGGC-1-False,False
CTCGACTGCTCTAT-1-False,False
CTCGACTGGGTGAG-1-False,False
CTCGACTGGTTGAC-1-False,False
CTCGAGCTCTGGAT-1-False,False
CTCGCATGACTTTC-1-False,False
CTCGCATGCTTAGG-1-False,False
CTCTAAACCTCGAA-1-False,False
CTCTAAACGGCGAA-1-False,False
CTCTAATGTCCAAG-1-False,False
CTGAACGACAGTCA-1-False,False
CTGAACGATGAGGG-1-False,False
CTGAAGACCCAACA-1-False,False
CTGAAGACGTGCAT-1-False,False
CTGAAGTGAAGCCT-1-False,False
CTGAAGTGCAGCTA-1-False,False
CTGAAGTGGCTATG-1-False,False
CTGAAGTGTCCAGA-1-False,False
CTGAATCTGAATAG-1-False,False
CTGACAGAATCGTG-1-False,False
CTGACCACAGCAAA-1-False,False
CTGAGAACCGGGAA-1-False,False
CTGAGAACGTAAAG-1-False,False
CTGATACTAGTAGA-1-False,False
CTGATTTGGTGTTG-1-False,False
CTGCAGCTAACCGT-1-False,False
CTGCAGCTGACACT-1-False,False
CTGCAGCTGGATTC-1-False,False
CTGCAGCTTGGCAT-1-False,False
CTGCCAACAGGAGC-1-False,False
CTGCCAACCAGCTA-1-False,False
CTGCCAACTAACCG-1-False,False
CTGCCAACTGCTCC-1-False,False
CTGCCAACTTGCAG-1-False,False
CTGCCAACTTGCTT-1-False,False
CTGCGACTCCACCT-1-False,False
CTGGAAACAAACGA-1-False,False
CTGGAAACATCGAC-1-False,False
CTGGATGACTGGAT-1-False,False
CTGGATGACTTGTT-1-False,False
CTGGATGATGTGAC-1-False,False
CTGGCACTCAAGCT-1-False,False
CTGGCACTGGACAG-1-False,False
CTGTAACTAACCAC-1-False,False
CTGTAACTAGCGTT-1-False,False
CTGTATACGTAAAG-1-False,False
CTGTATACGTACGT-1-False,False
CTGTATACGTTGGT-1-False,False
CTGTGAGACAACCA-1-False,False
CTGTGAGACCTTGC-1-False,False
CTGTGAGACGAACT-1-False,False
CTGTGAGACTGTAG-1-False,False
CTTAAAGAACCTGA-1-False,False
CTTAACACCTGTAG-1-False,False
CTTAACACGAGCTT-1-False,False
CTTAACACTATCGG-1-False,False
CTTAAGCTACCTAG-1-False,False
CTTAAGCTAGTACC-1-False,False
CTTAAGCTCATCAG-1-False,False
CTTAAGCTCCGCTT-1-False,False
CTTAAGCTTCCTCG-1-False,False
CTTACAACTAACGC-1-False,False
CTTACAACTCCCGT-1-False,False
CTTACTGACGTACA-1-False,False
CTTAGACTAAACGA-1-False,False
CTTAGGGACTTGCC-1-False,False
CTTAGGGAGAATCC-1-False,False
CTTATCGACTCATT-1-False,False
CTTCACCTACCTGA-1-False,False
CTTCATGAAGCATC-1-False,False
CTTCATGAAGTACC-1-False,False
CTTCATGACCGAAT-1-False,False
CTTGAACTACGCAT-1-False,False
CTTGATTGAGGTTC-1-False,False
CTTGATTGATCTTC-1-False,False
CTTGATTGCATTCT-1-False,False
CTTGATTGTTTCGT-1-False,False
CTTGTATGACACCA-1-False,False
CTTGTATGCGCAAT-1-False,False
CTTTACGAGCGAAG-1-False,False
CTTTAGACCGTGAT-1-False,False
CTTTAGACGAGACG-1-False,False
CTTTAGACGATACC-1-False,False
CTTTAGACGTTGGT-1-False,False
CTTTAGACTCATTC-1-False,False
CTTTAGTGACGGGA-1-False,False
CTTTAGTGGGTGGA-1-False,False
CTTTCAGAGAAACA-1-False,False
CTTTGATGAGCACT-1-False,False
CTTTGATGTCTAGG-1-False,False
CTTTGATGTGTCCC-1-False,False
CTTTGATGTGTGGT-1-False,False
GAAACAGAACTACG-1-False,False
GAAACAGAATCACG-1-False,False
GAAACAGACATTCT-1-False,False
GAAACCTGATCGTG-1-False,False
GAAACCTGATGCCA-1-False,False
GAAACCTGCTTATC-1-False,False
GAAACCTGGACTAC-1-False,False
GAAACCTGTGCTAG-1-False,False
GAAAGATGATTTCC-1-False,False
GAAAGATGCTGATG-1-False,False
GAAAGATGCTTCGC-1-False,False
GAAAGATGTAAGGA-1-False,False
GAAAGATGTTTGCT-1-False,False
GAAAGCCTACGTTG-1-False,False
GAAAGTGAAAGTGA-1-False,False
GAAAGTGACCACAA-1-False,False
GAAAGTGACTCAAG-1-False,False
GAAATACTACCAAC-1-False,False
GAAATACTCTTAGG-1-False,False
GAAATACTTCCTCG-1-False,False
GAACACACGTGCAT-1-False,False
GAACACACTGCCTC-1-False,False
GAACAGCTAACTGC-1-False,False
GAACAGCTCTCAGA-1-False,False
GAACCAACCACAAC-1-False,False
GAACCAACTTCCGC-1-False,False
GAACCTGAACGTGT-1-False,False
GAACCTGAGAGACG-1-False,False
GAACCTGATGAACC-1-False,False
GAACGGGATACTTC-1-False,False
GAACGTTGACGGAG-1-False,False
GAACTGTGACCTGA-1-False,False
GAACTGTGCCAGTA-1-False,False
GAAGAATGCAATCG-1-False,False
GAAGCGGACCTATT-1-False,False
GAAGCTACGAATGA-1-False,False
GAAGCTACGGTTTG-1-False,False
GAAGGGTGAAAGTG-1-False,False
GAAGGGTGCTTAGG-1-False,False
GAAGGTCTGAAAGT-1-False,False
GAAGGTCTGTTGCA-1-False,False
GAAGGTCTTAAAGG-1-False,False
GAAGTAGACTCCCA-1-False,False
GAAGTAGATCCAAG-1-False,False
GAAGTCACCCTCGT-1-False,False
GAAGTCACCCTGTC-1-False,False
GAAGTCTGTCGCAA-1-False,False
GAAGTCTGTTCTGT-1-False,False
GAAGTGCTAAACGA-1-False,False
GAAGTGCTCCGCTT-1-False,False
GAAGTGCTTAACCG-1-False,False
GAATGCACCCTAAG-1-False,False
GAATGCACCTTCGC-1-False,False
GAATGCTGCGGTAT-1-False,False
GAATGGCTAAGATG-1-False,False
GAATTAACGATAAG-1-False,False
GAATTAACGGTCAT-1-False,False
GAATTAACGTCGTA-1-False,False
GAATTAACTGAAGA-1-False,False
GACAACACAGGCGA-1-False,False
GACAACACATCGTG-1-False,False
GACAACACTCGCCT-1-False,False
GACAACTGAGGTTC-1-False,False
GACAGGGAAGAGTA-1-False,False
GACAGGGAATGCCA-1-False,False
GACAGTACGAGCTT-1-False,False
GACAGTACTTCGGA-1-False,False
GACAGTTGAGTAGA-1-False,False
GACATTCTCCACCT-1-False,False
GACCAAACGACTAC-1-False,False
GACCAAACGTATCG-1-False,False
GACCATGACTCTCG-1-False,False
GACCCTACTAAAGG-1-False,False
GACCTAGACCTCAC-1-False,False
GACCTAGACGAGAG-1-False,False
GACCTCACAAGGTA-1-False,False
GACCTCACGTACGT-1-False,False
GACCTCTGCATCAG-1-False,False
GACGAACTCCCACT-1-False,False
GACGATTGCCAATG-1-False,False
GACGCCGACCTTCG-1-False,False
GACGCTCTCTCTCG-1-False,False
GACGGCACACGGGA-1-False,False
GACGGCACGAGATA-1-False,False
GACGTAACCTATGG-1-False,False
GACGTAACCTGTGA-1-False,False
GACGTAACTATGGC-1-False,False
GACGTATGTTGACG-1-False,False
GACGTATGTTTGCT-1-False,False
GACGTCCTACGGAG-1-False,False
GACGTCCTCTCAAG-1-False,False
GACGTCCTGATAAG-1-False,False
GACTACGATGGTCA-1-False,False
GACTCCTGCTCGCT-1-False,False
GACTCCTGGGTTAC-1-False,False
GACTCCTGTTATCC-1-False,False
GACTCCTGTTGGTG-1-False,False
GACTGAACAACCGT-1-False,False
GACTGAACCAATCG-1-False,False
GACTGATGTGATGC-1-False,False
GACTTTACATGCCA-1-False,False
GACTTTACGACAGG-1-False,False
GAGAAATGTTCTCA-1-False,False
GAGATAGAAAAAGC-1-False,False
GAGATCACGACAAA-1-False,False
GAGATGCTCTGGAT-1-False,False
GAGATGCTGAATGA-1-False,False
GAGCAGGATTCCCG-1-False,False
GAGCATACTTTGCT-1-False,False
GAGCGCACGCGTAT-1-False,False
GAGCGCACGGTGAG-1-False,False
GAGCGCTGAAGATG-1-False,False
GAGCGCTGTCTTAC-1-False,False
GAGCGGCTGGGAGT-1-False,False
GAGGACGACTCAGA-1-False,False
GAGGATCTGAAAGT-1-False,False
GAGGCAGACTTGCC-1-False,False
GAGGGAACACCAGT-1-False,False
GAGGGAACGAGGGT-1-False,False
GAGGGATGGGAAAT-1-False,False
GAGGGCCTTCACCC-1-False,False
GAGGGTGAAGAGTA-1-False,False
GAGGTACTACGGTT-1-False,False
GAGGTACTACTCAG-1-False,False
GAGGTACTGACACT-1-False,False
GAGGTACTGGGAGT-1-False,False
GAGGTACTTAGCGT-1-False,False
GAGGTGGAGTACGT-1-False,False
GAGGTGGATCCTCG-1-False,False
GAGGTTACTCGTTT-1-False,False
GAGGTTTGTAAGCC-1-False,False
GAGTCAACCATTCT-1-False,False
GAGTCAACGGGAGT-1-False,False
GAGTCTGATCGTGA-1-False,False
GAGTCTGATTTGGG-1-False,False
GAGTGACTCAGCTA-1-False,False
GAGTGACTCGGTAT-1-False,False
GAGTGACTCTTGCC-1-False,False
GAGTGACTGACTAC-1-False,False
GAGTGACTGTCTAG-1-False,False
GAGTGGGAGTCTTT-1-False,False
GAGTGGGATGCCCT-1-False,False
GAGTGGGATGCTGA-1-False,False
GAGTGTTGCTGTAG-1-False,False
GAGTGTTGTGGTCA-1-False,False
GAGTTGTGCATGGT-1-False,False
GAGTTGTGCTGAGT-1-False,False
GAGTTGTGGCGAGA-1-False,False
GAGTTGTGGTAGCT-1-False,False
GAGTTGTGTATGCG-1-False,False
GATAAGGAGAAACA-1-False,False
GATAAGGATTCACT-1-False,False
GATACTCTATCGGT-1-False,False
GATACTCTTACTTC-1-False,False
GATACTCTTGACTG-1-False,False
GATAGAGAAGGGTG-1-False,False
GATAGAGACTGTGA-1-False,False
GATAGAGATCACGA-1-False,False
GATAGCACCCATAG-1-False,False
GATAGCACGAAGGC-1-False,False
GATAGCACTTGTCT-1-False,False
GATATAACAAGGTA-1-False,False
GATATAACACGCAT-1-False,False
GATATATGCTGGAT-1-False,False
GATATATGTCCGTC-1-False,False
GATATATGTGGAGG-1-False,False
GATATCCTAGAAGT-1-False,False
GATATCCTCCCGTT-1-False,False
GATATTGACAGGAG-1-False,False
GATATTGACGAGTT-1-False,False
GATATTGAGCCAAT-1-False,False
GATCCCTGACCTTT-1-False,False
GATCCCTGTGTAGC-1-False,False
GATCCGCTGGTCAT-1-False,False
GATCGAACCGAGAG-1-False,False
GATCGATGACTAGC-1-False,False
GATCGATGGTAAAG-1-False,False
GATCGATGTAAGGA-1-False,False
GATCGTGACACTAG-1-False,False
GATCGTGATTCACT-1-False,False
GATCTACTGGTGAG-1-False,False
GATCTACTTTGCAG-1-False,False
GATCTTACACCCAA-1-False,False
GATCTTACCCTACC-1-False,False
GATCTTACGAATAG-1-False,False
GATCTTACGAGATA-1-False,False
GATGCAACTCCAGA-1-False,False
GATGCCCTACGTAC-1-False,False
GATGCCCTCTCATT-1-False,False
GATGCCCTGGCAAG-1-False,False
GATGCCCTTTTGCT-1-False,False
GATTACCTTGTTCT-1-False,False
GATTCGGAACGACT-1-False,False
GATTCGGACAGGAG-1-False,False
GATTCGGAGAAGGC-1-False,False
GATTCTTGATTCGG-1-False,False
GATTCTTGCCGATA-1-False,False
GATTCTTGCGAGTT-1-False,False
GATTGGACCCGTTC-1-False,False
GATTGGACGGTGTT-1-False,False
GATTGGACTTTCGT-1-False,False
GATTGGTGTGTCAG-1-False,False
GATTTAGACACTCC-1-False,False
GATTTAGACTAAGC-1-False,False
GATTTAGATTCGTT-1-False,False
GATTTGCTAACGAA-1-False,False
GATTTGCTAACGGG-1-False,False
GCAACCCTCCTCGT-1-False,False
GCAACTGATTGCGA-1-False,False
GCAAGACTACTGGT-1-False,False
GCAAGACTAGGTCT-1-False,False
GCAAGACTCCCTTG-1-False,False
GCAATCGACTGCAA-1-False,False
GCAATCGAGACGTT-1-False,False
GCAATCGATCCTTA-1-False,False
GCAATTCTCGTGTA-1-False,False
GCAATTCTTCTCCG-1-False,False
GCACAAACAATGCC-1-False,False
GCACAAACGGTACT-1-False,False
GCACAATGGTGCAT-1-False,False
GCACACCTGTGCTA-1-False,False
GCACCACTCATGAC-1-False,False
GCACCACTGTTTGG-1-False,False
GCACCACTTCCTTA-1-False,False
GCACCACTTTCGGA-1-False,False
GCACCTACGCGATT-1-False,False
GCACCTTGGCTGTA-1-False,False
GCACCTTGGGGAGT-1-False,False
GCACGGACCAGCTA-1-False,False
GCACGGTGACCTCC-1-False,False
GCACGGTGCTATGG-1-False,False
GCACTAGAACGGGA-1-False,False
GCACTAGAAGATGA-1-False,False
GCACTAGACCTTTA-1-False,False
GCACTAGACGTAAC-1-False,False
GCACTAGAGTCGTA-1-False,False
GCACTAGATGCAAC-1-False,False
GCACTGCTGAGGCA-1-False,False
GCAGATACAGCGTT-1-False,False
GCAGATACGACGGA-1-False,False
GCAGATACGCAGAG-1-False,False
GCAGCCGACAGTCA-1-False,False
GCAGCGTGCACTCC-1-False,False
GCAGCTCTCAATCG-1-False,False
GCAGCTCTGTTTCT-1-False,False
GCAGGGCTAAGAAC-1-False,False
GCAGGGCTAAGGGC-1-False,False
GCAGGGCTATCGAC-1-False,False
GCAGGGCTTGGGAG-1-False,False
GCAGTCCTAACTGC-1-False,False
GCAGTCCTCTCTTA-1-False,False
GCATCAGATGCGTA-1-False,False
GCATGTGACAAGCT-1-False,False
GCATTGGAGAAGGC-1-False,False
GCCAAAACGAGGCA-1-False,False
GCCAAATGATCGAC-1-False,False
GCCAACCTACGGTT-1-False,False
GCCAACCTCGCCTT-1-False,False
GCCACGGAGGCGAA-1-False,False
GCCACGGATACTGG-1-False,False
GCCACTACCTACTT-1-False,False
GCCACTACGTCTTT-1-False,False
GCCCAACTACCGAT-1-False,False
GCCCAACTATGGTC-1-False,False
GCCCATACAGCGTT-1-False,False
GCCGACGAACTCTT-1-False,False
GCCGAGTGCGTTGA-1-False,False
GCCGGAACGAACTC-1-False,False
GCCGGAACGTTCTT-1-False,False
GCCGGAACTGCACA-1-False,False
GCCGGAACTTACTC-1-False,False
GCCGTACTACCTGA-1-False,False
GCCGTACTGGCAAG-1-False,False
GCCTACACAGTTCG-1-False,False
GCCTACACCACTGA-1-False,False
GCCTACACCTTGAG-1-False,False
GCCTAGCTACGGAG-1-False,False
GCCTAGCTCTATTC-1-False,False
GCCTAGCTTCTCAT-1-False,False
GCCTAGCTTCTCTA-1-False,False
GCCTCAACCATGGT-1-False,False
GCCTCAACTCTTTG-1-False,False
GCCTCATGTCTTAC-1-False,False
GCCTGACTCTCAAG-1-False,False
GCGAAGGAACTCTT-1-False,False
GCGAAGGAGAGCTT-1-False,False
GCGAAGGATGCCAA-1-False,False
GCGAGAGAGGGACA-1-False,False
GCGAGCACTGTCGA-1-False,False
GCGAGCACTTGACG-1-False,False
GCGAGCACTTGCTT-1-False,False
GCGATATGGTACGT-1-False,False
GCGATATGGTGTTG-1-False,False
GCGCACGAAGTCGT-1-False,False
GCGCACGACTTTAC-1-False,False
GCGCATCTAGGTCT-1-False,False
GCGCATCTGGTTAC-1-False,False
GCGCATCTTCGATG-1-False,False
GCGCATCTTGCTCC-1-False,False
GCGCATCTTTCTAC-1-False,False
GCGCGAACGTTCTT-1-False,False
GCGCGATGAACGGG-1-False,False
GCGCGATGGTGCAT-1-False,False
GCGGAGCTCCTGAA-1-False,False
GCGGCAACCCGATA-1-False,False
GCGGCAACGGAGGT-1-False,False
GCGGCAACTGTCGA-1-False,False
GCGTAAACACGGTT-1-False,False
GCGTAATGCACCAA-1-False,False
GCGTATGAACACCA-1-False,False
GCGTATGATGAGAA-1-False,False
GCTACAGAAAGGTA-1-False,False
GCTACAGAATCTTC-1-False,False
GCTACAGATCTTAC-1-False,False
GCTACCTGAGAAGT-1-False,False
GCTACCTGATCACG-1-False,False
GCTACGCTAGAATG-1-False,False
GCTACGCTAGCTAC-1-False,False
GCTACGCTCCCTAC-1-False,False
GCTAGAACAGAGGC-1-False,False
GCTAGAACGGATCT-1-False,False
GCTAGAACTCCCGT-1-False,False
GCTAGATGAGCTCA-1-False,False
GCTAGATGGCGATT-1-False,False
GCTATACTAAGGCG-1-False,False
GCTATACTAGCGTT-1-False,False
GCTATACTCTCTTA-1-False,False
GCTATACTGGACGA-1-False,False
GCTCAAGAACCATG-1-False,False
GCTCAAGAAGTCAC-1-False,False
GCTCAGCTGTCTAG-1-False,False
GCTCCATGAGAAGT-1-False,False
GCTCCATGCCGAAT-1-False,False
GCTCGACTCTAGTG-1-False,False
GCTGATGAGGTATC-1-False,False
GCTTAACTACAGTC-1-False,False
GCTTAACTACTGGT-1-False,False
GCTTAACTGCTGAT-1-False,False
GCTTAACTTAGACC-1-False,False
GCTTAACTTCAGTG-1-False,False
GGAACACTCACTTT-1-False,False
GGAACACTTCAGAC-1-False,False
GGAACTACTACTTC-1-False,False
GGAACTTGAAGGTA-1-False,False
GGAACTTGAGAATG-1-False,False
GGAACTTGCTCCAC-1-False,False
GGAACTTGGGTAGG-1-False,False
GGAAGGACATCGGT-1-False,False
GGAAGGACCACTAG-1-False,False
GGAAGGACGAGGGT-1-False,False
GGAAGGACGCGAAG-1-False,False
GGAAGGTGGCGAGA-1-False,False
GGAATCTGAAGGGC-1-False,False
GGAATCTGAGGAGC-1-False,False
GGAATCTGCTTAGG-1-False,False
GGAATCTGCTTGTT-1-False,False
GGAATCTGGGAGGT-1-False,False
GGAATGCTTTCTAC-1-False,False
GGACAGGAAAGGGC-1-False,False
GGACAGGAGTGCTA-1-False,False
GGACAGGATCTCGC-1-False,False
GGACCCGAAGCTAC-1-False,False
GGACCGTGCTTACT-1-False,False
GGACCGTGGGAACG-1-False,False
GGACCGTGTAACGC-1-False,False
GGACCTCTGTAAGA-1-False,False
GGACCTCTTTTCTG-1-False,False
GGACGAGAGTGTCA-1-False,False
GGACGCTGACGCAT-1-False,False
GGACGCTGCTAGCA-1-False,False
GGACGCTGTCCTCG-1-False,False
GGAGAGACGTGAGG-1-False,False
GGAGCAGATTCAGG-1-False,False
GGAGCCACCTTCTA-1-False,False
GGAGCGCTACGCAT-1-False,False
GGAGCGCTCCGAAT-1-False,False
GGAGGATGCCACCT-1-False,False
GGAGGATGGTTGAC-1-False,False
GGAGGATGTCAGTG-1-False,False
GGAGGCCTCGTTGA-1-False,False
GGAGGCCTTTCTTG-1-False,False
GGAGGTGATACGCA-1-False,False
GGAGGTGATCGCTC-1-False,False
GGATACTGCAGCTA-1-False,False
GGATACTGTCTAGG-1-False,False
GGATAGCTCGTCTC-1-False,False
GGATAGCTCTGAAC-1-False,False
GGATGTACCAAAGA-1-False,False
GGATGTACGCGAAG-1-False,False
GGATGTACGTCTTT-1-False,False
GGATGTACGTGTCA-1-False,False
GGATTTCTAGGTTC-1-False,False
GGATTTCTTTGTCT-1-False,False
GGCAAGGAAAAAGC-1-False,False
GGCAAGGAAGAAGT-1-False,False
GGCAAGGACTTGGA-1-False,False
GGCAAGGAGGACTT-1-False,False
GGCAATACGCTAAC-1-False,False
GGCAATACGGCATT-1-False,False
GGCAATACGTTTCT-1-False,False
GGCACGTGGCTTAG-1-False,False
GGCACGTGTGAGAA-1-False,False
GGCACTCTTTTGTC-1-False,False
GGCATATGCTTATC-1-False,False
GGCATATGGGGAGT-1-False,False
GGCATATGTGTGAC-1-False,False
GGCCACGACAGAGG-1-False,False
GGCCAGACTGGTTG-1-False,False
GGCCCAGAAAGTAG-1-False,False
GGCCGAACAACGAA-1-False,False
GGCCGAACGCAGAG-1-False,False
GGCCGAACGTAGGG-1-False,False
GGCCGAACTCTAGG-1-False,False
GGCCGATGCAGGAG-1-False,False
GGCCGATGCCGAAT-1-False,False
GGCCGATGTACTCT-1-False,False
GGCGACACTGCCCT-1-False,False
GGCGACTGCGTAAC-1-False,False
GGCGCATGCCTAAG-1-False,False
GGCGCATGCTCCAC-1-False,False
GGCGCATGTGGAAA-1-False,False
GGCGGACTAGAGGC-1-False,False
GGCGGACTAGGAGC-1-False,False
GGCGGACTCTGACA-1-False,False
GGCGGACTCTTGGA-1-False,False
GGCGGACTTACTGG-1-False,False
GGCGGACTTGAACC-1-False,False
GGCTAAACACCTGA-1-False,False
GGCTAAACTCTTAC-1-False,False
GGCTAATGAGCACT-1-False,False
GGCTAATGGTCTAG-1-False,False
GGCTCACTACTCAG-1-False,False
GGGAACGAAGCTCA-1-False,False
GGGAACGACACAAC-1-False,False
GGGAACGAGTGTCA-1-False,False
GGGAAGTGTTGAGC-1-False,False
GGGACCACACGTTG-1-False,False
GGGACCACAGAACA-1-False,False
GGGACCACGAATAG-1-False,False
GGGACCACGTCATG-1-False,False
GGGACCACTCAAGC-1-False,False
GGGACCACTCGTGA-1-False,False
GGGACCACTGCATG-1-False,False
GGGACCTGACCCTC-1-False,False
GGGACCTGCTTGCC-1-False,False
GGGACCTGTGGAGG-1-False,False
GGGATGGACGACAT-1-False,False
GGGATGGATACTTC-1-False,False
GGGATGGATGGTTG-1-False,False
GGGATTACGTCTAG-1-False,False
GGGCAAGATGCATG-1-False,False
GGGCACACGGTGAG-1-False,False
GGGCACACGTTGCA-1-False,False
GGGCAGCTTGGGAG-1-False,False
GGGCAGCTTTTCTG-1-False,False
GGGCCAACCTTGGA-1-False,False
GGGCCAACGCGTTA-1-False,False
GGGCCAACTACGCA-1-False,False
GGGCCAACTCCAAG-1-False,False
GGGCCATGATGGTC-1-False,False
GGGCCATGTTGACG-1-False,False
GGGTAACTCAGCTA-1-False,False
GGGTAACTCTAGTG-1-False,False
GGGTAACTCTGGAT-1-False,False
GGGTTAACGTGCAT-1-False,False
GGTAAAGAGCTAAC-1-False,False
GGTACAACTGCAAC-1-False,False
GGTACATGAAAGCA-1-False,False
GGTACATGAGCTCA-1-False,False
GGTACATGCGGTAT-1-False,False
GGTACATGGTTACG-1-False,False
GGTACATGTGGGAG-1-False,False
GGTACTGAACTCTT-1-False,False
GGTAGTACACCACA-1-False,False
GGTAGTACACTAGC-1-False,False
GGTAGTACCCTGTC-1-False,False
GGTAGTACGCCATA-1-False,False
GGTAGTACTGTCTT-1-False,False
GGTATCGAGACAAA-1-False,False
GGTATCGATGAACC-1-False,False
GGTCAAACCAAAGA-1-False,False
GGTCTAGAGAAACA-1-False,False
GGTCTAGATAGCGT-1-False,False
GGTGATACCGACTA-1-False,False
GGTGATACGACTAC-1-False,False
GGTGATACTGTTTC-1-False,False
GGTGGAGAAACGGG-1-False,False
GGTGGAGAAGTAGA-1-False,False
GGTGGAGACAGATC-1-False,False
GGTGGAGATCGATG-1-False,False
GGTGGAGATCTCTA-1-False,False
GGTGGAGATTACTC-1-False,False
GGTTTACTACGCAT-1-False,False
GTAACGTGACCTCC-1-False,False
GTAACGTGATCGGT-1-False,False
GTAACGTGCAGCTA-1-False,False
GTAACGTGGTTGAC-1-False,False
GTAAGCACAACGGG-1-False,False
GTAAGCACTCATTC-1-False,False
GTAAGCTGGTACCA-1-False,False
GTAATAACCTTCTA-1-False,False
GTAATAACGTTGTG-1-False,False
GTACCCTGACAGTC-1-False,False
GTACCCTGGAGCTT-1-False,False
GTACCCTGTCCTTA-1-False,False
GTACCCTGTGAACC-1-False,False
GTACGTGAACGTTG-1-False,False
GTACTTTGTCGACA-1-False,False
GTAGACTGAGATGA-1-False,False
GTAGACTGTATTCC-1-False,False
GTAGCAACAGTCGT-1-False,False
GTAGCAACCATTTC-1-False,False
GTAGCAACGGTAGG-1-False,False
GTAGCATGCACTCC-1-False,False
GTAGCATGTAAGCC-1-False,False
GTAGCCCTGACGTT-1-False,False
GTAGCTGAAGCTAC-1-False,False
GTAGCTGAATTCGG-1-False,False
GTAGGTACACGGGA-1-False,False
GTAGTGACCTCATT-1-False,False
GTAGTGTGAGCGGA-1-False,False
GTAGTGTGAGGCGA-1-False,False
GTAGTGTGTGGTTG-1-False,False
GTATCACTGGTAGG-1-False,False
GTATCTACAGAAGT-1-False,False
GTATCTACGACGAG-1-False,False
GTATCTACGTTACG-1-False,False
GTATTAGAAACAGA-1-False,False
GTATTAGAGGTCTA-1-False,False
GTATTCACACAGCT-1-False,False
GTATTCACGGGTGA-1-False,False
GTCAACGACACTGA-1-False,False
GTCAACGAGTGTAC-1-False,False
GTCAACGATCAGGT-1-False,False
GTCAATCTACACCA-1-False,False
GTCAATCTGTAGCT-1-False,False
GTCAATCTTGTGGT-1-False,False
GTCACCTGCCTCCA-1-False,False
GTCACCTGTCCCGT-1-False,False
GTCATACTAATCGC-1-False,False
GTCATACTGCGATT-1-False,False
GTCATACTTCGCCT-1-False,False
GTCATACTTTACCT-1-False,False
GTCATACTTTGACG-1-False,False
GTCCAAGAAAAACG-1-False,False
GTCCACTGACCTCC-1-False,False
GTCCACTGGGTACT-1-False,False
GTCCAGCTACGGGA-1-False,False
GTCCCATGTGGTGT-1-False,False
GTCGAATGAAGGCG-1-False,False
GTCGACCTGAATGA-1-False,False
GTCGACCTGTTCAG-1-False,False
GTCGCACTTGAGAA-1-False,False
GTCTAACTGGTCTA-1-False,False
GTCTAGGAGCTTCC-1-False,False
GTGAACACACTCTT-1-False,False
GTGAACACAGATCC-1-False,False
GTGAACACTCAGGT-1-False,False
GTGACCCTTAAGCC-1-False,False
GTGATGACAAGTGA-1-False,False
GTGATGACCTGAGT-1-False,False
GTGATGACGGTTTG-1-False,False
GTGATTCTCATTTC-1-False,False
GTGATTCTCTCTCG-1-False,False
GTGATTCTGGTTCA-1-False,False
GTGATTCTGTCGAT-1-False,False
GTGATTCTTAGCGT-1-False,False
GTGCCACTCAGGAG-1-False,False
GTGGATTGCACTAG-1-False,False
GTGGATTGCGGAGA-1-False,False
GTGGATTGTAACGC-1-False,False
GTGTACGATCAGTG-1-False,False
GTGTAGTGGGTACT-1-False,False
GTGTATCTAGCCTA-1-False,False
GTGTATCTAGTAGA-1-False,False
GTGTATCTGTTACG-1-False,False
GTGTCAGAAGCGTT-1-False,False
GTGTCAGAATGCTG-1-False,False
GTTAAAACCGAGAG-1-False,False
GTTAAAACTTCGCC-1-False,False
GTTAAATGCTCGAA-1-False,False
GTTAAATGTCGACA-1-False,False
GTTAACCTAGCTAC-1-False,False
GTTAACCTTGCTTT-1-False,False
GTTAGGTGCACTCC-1-False,False
GTTAGGTGCCAGTA-1-False,False
GTTAGGTGCCCAAA-1-False,False
GTTAGGTGGAACTC-1-False,False
GTTAGTCTAAGAAC-1-False,False
GTTATAGAGGACAG-1-False,False
GTTATGCTTTCATC-1-False,False
GTTCAACTGGGACA-1-False,False
GTTCAACTTATGCG-1-False,False
GTTGACGAGCCCTT-1-False,False
GTTGACGATATCGG-1-False,False
GTTGAGTGGTCTTT-1-False,False
GTTGAGTGTGCTTT-1-False,False
GTTGATCTGGGACA-1-False,False
GTTGATCTTTTCAC-1-False,False
GTTGGATGTTTACC-1-False,False
GTTGTACTATTCCT-1-False,False
GTTGTACTTTTGGG-1-False,False
GTTTAAGACCATGA-1-False,False
GTTTAAGACTGTCC-1-False,False
TAAACAACCAACCA-1-False,False
TAAACAACGAATCC-1-False,False
TAAAGACTCAGGAG-1-False,False
TAAATCGATGAGGG-1-False,False
TAACAATGTGCCCT-1-False,False
TAACACCTTCGCTC-1-False,False
TAACACCTTCGTAG-1-False,False
TAACACCTTGTTTC-1-False,False
TAACATGACACTAG-1-False,False
TAACCGGACTTACT-1-False,False
TAACGTCTCAACCA-1-False,False
TAACGTCTCATTGG-1-False,False
TAACTAGAATTTCC-1-False,False
TAACTAGACTTAGG-1-False,False
TAACTAGATCTGGA-1-False,False
TAACTCACGAGGAC-1-False,False
TAACTCACGTACAC-1-False,False
TAACTCACGTATCG-1-False,False
TAACTCACTCTACT-1-False,False
TAAGAACTGTGTCA-1-False,False
TAAGAGGACTAAGC-1-False,False
TAAGAGGACTTGTT-1-False,False
TAAGATACCCACAA-1-False,False
TAAGATACGGTTCA-1-False,False
TAAGATTGCGTAGT-1-False,False
TAAGATTGTTGCTT-1-False,False
TAAGCGTGAGGTTC-1-False,False
TAAGCGTGGACAAA-1-False,False
TAAGCGTGGGAAAT-1-False,False
TAAGCGTGTGCTCC-1-False,False
TAAGGCTGCCATGA-1-False,False
TAAGGCTGCTGCTC-1-False,False
TAAGGCTGTCTCGC-1-False,False
TAAGGGCTGCTGTA-1-False,False
TAAGGGCTTTACTC-1-False,False
TAAGTAACCGAGAG-1-False,False
TAAGTAACCTCCAC-1-False,False
TAAGTAACCTGTAG-1-False,False
TAAGTAACTTGTCT-1-False,False
TAATGATGAGCGGA-1-False,False
TAATGCCTCATGAC-1-False,False
TAATGCCTCGTCTC-1-False,False
TAATGTGAAGATGA-1-False,False
TAATGTGACTGCAA-1-False,False
TAATGTGATTACTC-1-False,False
TACAAATGGGTACT-1-False,False
TACAATGAAAACAG-1-False,False
TACAATGACTTAGG-1-False,False
TACAATGATGCTAG-1-False,False
TACACACTCACACA-1-False,False
TACACACTCTTACT-1-False,False
TACATAGAACGCAT-1-False,False
TACATCACACGGGA-1-False,False
TACATCACCTGTTT-1-False,False
TACATCACGCTAAC-1-False,False
TACATCACTGAACC-1-False,False
TACCATTGAGGTTC-1-False,False
TACCATTGCGGGAA-1-False,False
TACCATTGGGGATG-1-False,False
TACCATTGTGAGGG-1-False,False
TACCGGCTGTTGGT-1-False,False
TACGAGTGATCTCT-1-False,False
TACGAGTGATGCTG-1-False,False
TACGAGTGCGGAGA-1-False,False
TACGAGTGGTTGGT-1-False,False
TACGATCTAGTGTC-1-False,False
TACGATCTCACTGA-1-False,False
TACGATCTTACGAC-1-False,False
TACGCAGACGTCTC-1-False,False
TACGCAGAGAATCC-1-False,False
TACGCCACATTCCT-1-False,False
TACGCCACTCCCAC-1-False,False
TACGCCACTCCGAA-1-False,False
TACGCGCTCTTCTA-1-False,False
TACGGAACGCGTTA-1-False,False
TACGGCCTGGGACA-1-False,False
TACGGCCTGTCCTC-1-False,False
TACGTACTACGGAG-1-False,False
TACGTACTCAGTTG-1-False,False
TACGTACTCCCGTT-1-False,False
TACGTTACAGAAGT-1-False,False
TACGTTACCAAGCT-1-False,False
TACTAAGAAAGGTA-1-False,False
TACTAAGAATCACG-1-False,False
TACTAAGATGATGC-1-False,False
TACTAAGATTGCGA-1-False,False
TACTACACGAGAGC-1-False,False
TACTACACTTACCT-1-False,False
TACTACTGAACCTG-1-False,False
TACTACTGATGTCG-1-False,False
TACTACTGATTCTC-1-False,False
TACTACTGTATGGC-1-False,False
TACTCAACGGTCTA-1-False,False
TACTCAACTGCTAG-1-False,False
TACTCCCTCAGTTG-1-False,False
TACTCTGAATCGAC-1-False,False
TACTCTGACGAGTT-1-False,False
TACTCTGATTGACG-1-False,False
TACTGGGATCGATG-1-False,False
TACTGTTGAAAGCA-1-False,False
TACTGTTGAGGCGA-1-False,False
TACTGTTGCTGAAC-1-False,False
TACTTGACTCCTCG-1-False,False
TACTTGACTGGTGT-1-False,False
TACTTTCTTTTGGG-1-False,False
TAGAAACTAATCGC-1-False,False
TAGAAACTGCTTCC-1-False,False
TAGAAACTGGGATG-1-False,False
TAGAATTGCGACAT-1-False,False
TAGAATTGTATCGG-1-False,False
TAGACGTGCTTGAG-1-False,False
TAGACGTGTCGCTC-1-False,False
TAGAGCACCTTACT-1-False,False
TAGATTGACTTGTT-1-False,False
TAGATTGAGGCATT-1-False,False
TAGCATCTCAGCTA-1-False,False
TAGCATCTCCCTCA-1-False,False
TAGCATCTGCTGTA-1-False,False
TAGCATCTGGGACA-1-False,False
TAGCATCTTGTCGA-1-False,False
TAGCCCACAAAAGC-1-False,False
TAGCCCACAGCCAT-1-False,False
TAGCCCACAGCTAC-1-False,False
TAGCCCACCCACAA-1-False,False
TAGCCCTGCGGAGA-1-False,False
TAGCCGCTTACGAC-1-False,False
TAGCCGCTTACTTC-1-False,False
TAGCCGCTTTCCAT-1-False,False
TAGCTACTGAATAG-1-False,False
TAGCTACTGTAGCT-1-False,False
TAGCTACTTTTGCT-1-False,False
TAGGACTGTGCTGA-1-False,False
TAGGAGCTAAGGCG-1-False,False
TAGGAGCTGAGGGT-1-False,False
TAGGAGCTTGCATG-1-False,False
TAGGCAACCGTCTC-1-False,False
TAGGCATGCTCTCG-1-False,False
TAGGCATGGCGAGA-1-False,False
TAGGCTGATGCCTC-1-False,False
TAGGGACTGAACTC-1-False,False
TAGGTCGACACTGA-1-False,False
TAGGTCGAGGATCT-1-False,False
TAGGTGACACACTG-1-False,False
TAGGTGACACGTTG-1-False,False
TAGGTGTGTTCTGT-1-False,False
TAGGTTCTGAAGGC-1-False,False
TAGGTTCTTCTTAC-1-False,False
TAGGTTCTTGCTGA-1-False,False
TAGTAAACCTCGCT-1-False,False
TAGTAAACGTCACA-1-False,False
TAGTAATGAGATCC-1-False,False
TAGTACCTAAGAAC-1-False,False
TAGTATGATCTTAC-1-False,False
TAGTATGATTCTCA-1-False,False
TAGTCTTGGCTGTA-1-False,False
TAGTCTTGGGACTT-1-False,False
TAGTCTTGTGGAAA-1-False,False
TAGTGGTGAAGTGA-1-False,False
TAGTTAGAACCACA-1-False,False
TAGTTAGATGAACC-1-False,False
TATAAGACAACAGA-1-False,False
TATAAGACAGCTCA-1-False,False
TATAAGTGACACCA-1-False,False
TATAAGTGTATCGG-1-False,False
TATAAGTGTGGTGT-1-False,False
TATACAGAACCCTC-1-False,False
TATACAGAAGAACA-1-False,False
TATACAGATCCAGA-1-False,False
TATACCACCTGATG-1-False,False
TATACGCTACCAAC-1-False,False
TATAGATGGACGGA-1-False,False
TATAGATGTTCCGC-1-False,False
TATCACTGACTGTG-1-False,False
TATCCAACCAGCTA-1-False,False
TATCCAACTCTCTA-1-False,False
TATCGACTACTAGC-1-False,False
TATCGACTCGATAC-1-False,False
TATCGTACAGATGA-1-False,False
TATCGTACATTCCT-1-False,False
TATCTCGAGAGATA-1-False,False
TATCTGACAGGTTC-1-False,False
TATCTGACTGTTTC-1-False,False
TATCTTCTAAACAG-1-False,False
TATGAATGGAGGAC-1-False,False
TATGAATGTTTGCT-1-False,False
TATGCGGATAACCG-1-False,False
TATGGGTGCATCAG-1-False,False
TATGGGTGCTAGCA-1-False,False
TATGGTCTCTACCC-1-False,False
TATGTCACGGAACG-1-False,False
TATGTCACTAACCG-1-False,False
TATGTCACTTCTCA-1-False,False
TATGTGCTCCGATA-1-False,False
TATGTGCTGGATTC-1-False,False
TATTGCTGAAGAAC-1-False,False
TATTGCTGCCGTTC-1-False,False
TATTGCTGTCTGGA-1-False,False
TATTGCTGTGCACA-1-False,False
TATTTCCTATTGGC-1-False,False
TATTTCCTGGAGGT-1-False,False
TATTTCCTGGTGTT-1-False,False
TCAACACTGTTTGG-1-False,False
TCAAGGACAGCGTT-1-False,False
TCAAGGACATTCTC-1-False,False
TCAAGGACGGTGTT-1-False,False
TCAATCACACTCTT-1-False,False
TCAATCACAGTCGT-1-False,False
TCACAACTATGTGC-1-False,False
TCACAACTTTGCTT-1-False,False
TCACATACACTTTC-1-False,False
TCACATACAGGGTG-1-False,False
TCACCCGAGACGGA-1-False,False
TCACCGTGCTCGCT-1-False,False
TCACCTCTACGACT-1-False,False
TCACCTCTTCCAAG-1-False,False
TCACGAGAGGAGGT-1-False,False
TCACTATGGGGCAA-1-False,False
TCACTATGGTTGTG-1-False,False
TCAGACGACGCTAA-1-False,False
TCAGACGACGTTAG-1-False,False
TCAGAGACTCCAGA-1-False,False
TCAGCAGACTCCAC-1-False,False
TCAGCGCTCTAGTG-1-False,False
TCAGCGCTGGATCT-1-False,False
TCAGCGCTGGTATC-1-False,False
TCAGGATGAAGTAG-1-False,False
TCAGGATGCCTTTA-1-False,False
TCAGTGGAAGATCC-1-False,False
TCAGTTACCTACGA-1-False,False
TCAGTTACTAGAAG-1-False,False
TCATCAACCCGATA-1-False,False
TCATCAACTGTTCT-1-False,False
TCATCATGCAGTTG-1-False,False
TCATCCCTTACTGG-1-False,False
TCATTCGATACAGC-1-False,False
TCCACGTGGAAACA-1-False,False
TCCACTCTACACTG-1-False,False
TCCACTCTGAGCTT-1-False,False
TCCACTCTTACTTC-1-False,False
TCCATAACAAAGTG-1-False,False
TCCATAACCGTAGT-1-False,False
TCCATAACGATGAA-1-False,False
TCCATAACTACGCA-1-False,False
TCCATCCTCCCTAC-1-False,False
TCCCACGATCATTC-1-False,False
TCCCATCTCAAAGA-1-False,False
TCCCGAACACAGTC-1-False,False
TCCCGAACTTCGCC-1-False,False
TCCCGATGAGATCC-1-False,False
TCCCGATGCCTGAA-1-False,False
TCCCGATGCTGTGA-1-False,False
TCCCTACTCAACTG-1-False,False
TCCGAAGACAATCG-1-False,False
TCCGAAGACGTTAG-1-False,False
TCCGGACTGAGGTG-1-False,False
TCCGGACTGTACGT-1-False,False
TCCTAAACATCGAC-1-False,False
TCCTAAACCGAGAG-1-False,False
TCCTAAACCGCATA-1-False,False
TCCTAATGGTTTGG-1-False,False
TCCTACCTGTCGTA-1-False,False
TCCTATGAAAAGCA-1-False,False
TCGAATCTCTGGTA-1-False,False
TCGACCTGCCGATA-1-False,False
TCGACGCTTCTATC-1-False,False
TCGACGCTTTGACG-1-False,False
TCGAGAACGACAGG-1-False,False
TCGAGAACGTTAGC-1-False,False
TCGAGCCTATCAGC-1-False,False
TCGAGCCTGCGAGA-1-False,False
TCGAGCCTTGTGAC-1-False,False
TCGATACTATTCCT-1-False,False
TCGATACTTGCACA-1-False,False
TCGATTTGATGCCA-1-False,False
TCGATTTGCACTCC-1-False,False
TCGATTTGCAGCTA-1-False,False
TCGATTTGCCTACC-1-False,False
TCGATTTGTCGTGA-1-False,False
TCGCACACCATCAG-1-False,False
TCGCAGCTAGATCC-1-False,False
TCGCCATGAGACTC-1-False,False
TCGCCATGTGGTCA-1-False,False
TCGGACCTAACAGA-1-False,False
TCGGACCTATAAGG-1-False,False
TCGGACCTGTACAC-1-False,False
TCGGTAGAGTAGGG-1-False,False
TCGGTAGATCCCAC-1-False,False
TCGTAGGATCGACA-1-False,False
TCGTGAGAACTGTG-1-False,False
TCGTTATGGACAAA-1-False,False
TCTAACACCAGTTG-1-False,False
TCTAACACGAGCAG-1-False,False
TCTAACTGAACCAC-1-False,False
TCTAAGCTAATGCC-1-False,False
TCTAAGCTTAGTCG-1-False,False
TCTAAGCTTCTAGG-1-False,False
TCTAAGCTTGTTCT-1-False,False
TCTAAGCTTTCGCC-1-False,False
TCTACAACGACTAC-1-False,False
TCTAGACTTAGAAG-1-False,False
TCTAGTTGCACCAA-1-False,False
TCTATGTGAAGAGT-1-False,False
TCTATGTGAGTCTG-1-False,False
TCTCAAACCTAAGC-1-False,False
TCTCTAGAATTTCC-1-False,False
TCTGATACACGTGT-1-False,False
TCTGATACTCGCCT-1-False,False
TCTTACGAACCTGA-1-False,False
TCTTCAGAGCTACA-1-False,False
TCTTGATGCGGAGA-1-False,False
TGAAATTGGTGAGG-1-False,False
TGAACCGAAAACGA-1-False,False
TGAACCGACTACTT-1-False,False
TGAACCGATTCGGA-1-False,False
TGAAGCACTCACGA-1-False,False
TGAAGCTGAACGAA-1-False,False
TGAAGCTGAGACTC-1-False,False
TGAAGCTGCATGGT-1-False,False
TGAAGCTGCGTAAC-1-False,False
TGAATAACCACTTT-1-False,False
TGAATAACTCCCAC-1-False,False
TGACACGACCTTAT-1-False,False
TGACCAGACAACCA-1-False,False
TGACCAGAGGATTC-1-False,False
TGACCGCTAAAAGC-1-False,False
TGACCGCTCTGCAA-1-False,False
TGACGATGCAAAGA-1-False,False
TGACGCCTGTACCA-1-False,False
TGACGCCTTTACTC-1-False,False
TGACTGGAAGAGAT-1-False,False
TGACTGGACCGTAA-1-False,False
TGACTGGACGCAAT-1-False,False
TGACTGGAGGACAG-1-False,False
TGACTGGATTCTCA-1-False,False
TGACTTACACACCA-1-False,False
TGACTTACAGTCTG-1-False,False
TGACTTTGCGCATA-1-False,False
TGACTTTGTTTGTC-1-False,False
TGAGACACAAGGTA-1-False,False
TGAGACACTCAAGC-1-False,False
TGAGACACTGTGCA-1-False,False
TGAGCTGAATGCTG-1-False,False
TGAGCTGACTGGAT-1-False,False
TGAGCTGAGCGAGA-1-False,False
TGAGCTGATGCTAG-1-False,False
TGAGGACTCTCATT-1-False,False
TGAGGACTTCATTC-1-False,False
TGAGGTACGAACCT-1-False,False
TGAGTCGAGTTACG-1-False,False
TGAGTGACTGAGCT-1-False,False
TGATAAACGAATCC-1-False,False
TGATAAACTCCGTC-1-False,False
TGATAAACTTTCAC-1-False,False
TGATACCTCACTAG-1-False,False
TGATACCTGTTGGT-1-False,False
TGATACCTTATGCG-1-False,False
TGATACCTTGAAGA-1-False,False
TGATATGAACCTTT-1-False,False
TGATCACTAGCATC-1-False,False
TGATCACTCTCGCT-1-False,False
TGATCACTTCTACT-1-False,False
TGATCGGACTGACA-1-False,False
TGATCGGAGGAGCA-1-False,False
TGATCGGATATGCG-1-False,False
TGATTAGACATTGG-1-False,False
TGATTAGATGACTG-1-False,False
TGATTAGATGCTAG-1-False,False
TGATTCACTATGCG-1-False,False
TGATTCACTGTCAG-1-False,False
TGATTCTGCCGAAT-1-False,False
TGATTCTGCTCTTA-1-False,False
TGCAAGTGAGAACA-1-False,False
TGCAAGTGGGTAGG-1-False,False
TGCAATCTTCAGGT-1-False,False
TGCACAGACGACAT-1-False,False
TGCCAAGAGCAGTT-1-False,False
TGCCAAGATCTCTA-1-False,False
TGCCACTGAACGTC-1-False,False
TGCCACTGCGATAC-1-False,False
TGCCAGCTTGGCAT-1-False,False
TGCCCAACAGCAAA-1-False,False
TGCCCAACCGCATA-1-False,False
TGCCGACTCTCCCA-1-False,False
TGCGAAACAGTCAC-1-False,False
TGCGAAACGTTGCA-1-False,False
TGCGATGAACGGTT-1-False,False
TGCGATGACCTCGT-1-False,False
TGCGATGACTAGTG-1-False,False
TGCGATGACTGCTC-1-False,False
TGCGATGACTTGCC-1-False,False
TGCGATGAGTGCTA-1-False,False
TGCGCACTCTTGAG-1-False,False
TGCGTAGAATAAGG-1-False,False
TGCGTAGACGGGAA-1-False,False
TGCGTAGATGGTCA-1-False,False
TGCTAGGAAACCGT-1-False,False
TGCTAGGATAGTCG-1-False,False
TGCTATACGGTTCA-1-False,False
TGCTATACTGCTGA-1-False,False
TGCTGAGAGAGCAG-1-False,False
TGCTGAGATTATCC-1-False,False
TGGAAAGACTCTCG-1-False,False
TGGAAAGAGCGATT-1-False,False
TGGAAAGAGGTCAT-1-False,False
TGGAAAGATATGGC-1-False,False
TGGAACACAAACAG-1-False,False
TGGAACACGCTAAC-1-False,False
TGGAAGCTCAGATC-1-False,False
TGGACCCTACACTG-1-False,False
TGGACCCTCATGGT-1-False,False
TGGACCCTGGTACT-1-False,False
TGGACTGAGTATGC-1-False,False
TGGAGACTATCAGC-1-False,False
TGGAGACTGAAACA-1-False,False
TGGAGACTTCAAGC-1-False,False
TGGAGACTTGACCA-1-False,False
TGGAGGGACGGAGA-1-False,False
TGGAGGGAGCTATG-1-False,False
TGGATCGATAAAGG-1-False,False
TGGATGTGACCTAG-1-False,False
TGGATGTGATGTCG-1-False,False
TGGATGTGTGAAGA-1-False,False
TGGATTCTCATACG-1-False,False
TGGCAATGCTTGTT-1-False,False
TGGCAATGGAGGGT-1-False,False
TGGCACCTTCACGA-1-False,False
TGGCACCTTCAGTG-1-False,False
TGGGTATGAAGAGT-1-False,False
TGGGTATGCACAAC-1-False,False
TGGGTATGGTACGT-1-False,False
TGGGTATGTTTGGG-1-False,False
TGGTAGACATGCCA-1-False,False
TGGTAGACCCTCAC-1-False,False
TGGTAGACCTGATG-1-False,False
TGGTAGTGCACTGA-1-False,False
TGGTATCTAAACAG-1-False,False
TGGTATCTCTTCCG-1-False,False
TGGTCAGACCCAAA-1-False,False
TGGTCAGACCGTTC-1-False,False
TGGTTACTGACGTT-1-False,False
TGGTTACTGTTCTT-1-False,False
TGTAACCTAGAGGC-1-False,False
TGTAACCTTGCCTC-1-False,False
TGTAATGACACAAC-1-False,False
TGTAATGAGGTAAA-1-False,False
TGTACTTGCTCTAT-1-False,False
TGTAGGTGCGAGAG-1-False,False
TGTAGGTGCTATGG-1-False,False
TGTAGGTGCTCTAT-1-False,False
TGTAGGTGTGCTGA-1-False,False
TGTAGTCTTCCAGA-1-False,False
TGTAGTCTTGCACA-1-False,False
TGTATCTGTTAGGC-1-False,False
TGTATGCTCATGGT-1-False,False
TGTATGCTGTAGGG-1-False,False
TGTATGCTTTCATC-1-False,False
TGTCAGGAATACCG-1-False,False
TGTCAGGAGATGAA-1-False,False
TGTCTAACCCCTTG-1-False,False
TGTGACGATTCTCA-1-False,False
TGTGAGACTGTCAG-1-False,False
TGTGAGACTTGAGC-1-False,False
TGTGAGTGACCACA-1-False,False
TGTGAGTGAGTGCT-1-False,False
TGTGAGTGGAGATA-1-False,False
TGTGATCTCTCTAT-1-False,False
TGTGATCTGACACT-1-False,False
TGTGGATGGCCAAT-1-False,False
TGTTAAGACAAAGA-1-False,False
TGTTAAGATAAGGA-1-False,False
TGTTAAGATTGGCA-1-False,False
TGTTACACCGCATA-1-False,False
TGTTACACGACTAC-1-False,False
TGTTACTGGCTACA-1-False,False
TGTTACTGTAGTCG-1-False,False
TTAACCACCGTAAC-1-False,False
TTAACCACTAAGGA-1-False,False
TTAACCACTCAGAC-1-False,False
TTACACACGTGTTG-1-False,False
TTACACACTCCTAT-1-False,False
TTACCATGAATCGC-1-False,False
TTACCATGGTTGAC-1-False,False
TTACCATGTGTCTT-1-False,False
TTACCATGTTGTGG-1-False,False
TTACGACTGAGAGC-1-False,False
TTACGACTTGACAC-1-False,False
TTACGTACGTTCAG-1-False,False
TTACTCGAACGTTG-1-False,False
TTACTCGAAGAATG-1-False,False
TTACTCGACGCAAT-1-False,False
TTACTCGAGGGTGA-1-False,False
TTACTCGATCTACT-1-False,False
TTAGAATGTGGTGT-1-False,False
TTAGAATGTGTAGC-1-False,False
TTAGACCTCCTACC-1-False,False
TTAGACCTCCTTTA-1-False,False
TTAGCTACAACCGT-1-False,False
TTAGCTACTGTCCC-1-False,False
TTAGCTACTTTCGT-1-False,False
TTAGGGACGCGAAG-1-False,False
TTAGGGTGCTGGAT-1-False,False
TTAGGGTGTCCTGC-1-False,False
TTAGGTCTACTTTC-1-False,False
TTAGTCACCAGTTG-1-False,False
TTAGTCTGAAAGCA-1-False,False
TTAGTCTGCCAACA-1-False,False
TTAGTCTGTGCACA-1-False,False
TTATCCGACTAGTG-1-False,False
TTATCCGAGAAAGT-1-False,False
TTATGAGAGATAAG-1-False,False
TTATGCACGTCACA-1-False,False
TTATGGCTTATGGC-1-False,False
TTATTCCTATGCTG-1-False,False
TTATTCCTGGACAG-1-False,False
TTATTCCTGGTACT-1-False,False
TTATTCCTTCGTGA-1-False,False
TTCAAAGATAAAGG-1-False,False
TTCAACACAACAGA-1-False,False
TTCAACACCCCAAA-1-False,False
TTCAACACGGACGA-1-False,False
TTCAAGCTAAGAAC-1-False,False
TTCAAGCTAGATGA-1-False,False
TTCAAGCTGTTGAC-1-False,False
TTCAAGCTTCCAAG-1-False,False
TTCAAGCTTGATGC-1-False,False
TTCAAGCTTTCGCC-1-False,False
TTCACAACCCGTTC-1-False,False
TTCACAACGTCTGA-1-False,False
TTCAGACTACCCAA-1-False,False
TTCAGACTCTCGAA-1-False,False
TTCAGTACCGACTA-1-False,False
TTCAGTACTCAAGC-1-False,False
TTCAGTACTCCTAT-1-False,False
TTCAGTTGCCAAGT-1-False,False
TTCAGTTGTCCTTA-1-False,False
TTCAGTTGTCTAGG-1-False,False
TTCAGTTGTCTCGC-1-False,False
TTCATCGAGGTGGA-1-False,False
TTCATGTGTGGTGT-1-False,False
TTCATTCTATGTCG-1-False,False
TTCATTCTTCTCTA-1-False,False
TTCCAAACCTATGG-1-False,False
TTCCAAACCTCCCA-1-False,False
TTCCAAACTCCCAC-1-False,False
TTCCAAACTTGACG-1-False,False
TTCCATGACGAGAG-1-False,False
TTCCATGACTGTCC-1-False,False
TTCCCACTTGAGGG-1-False,False
TTCCCACTTGTCTT-1-False,False
TTCCTAGAAAGTGA-1-False,False
TTCCTAGACTAGTG-1-False,False
TTCGAGGACTCTAT-1-False,False
TTCGAGGAGGGCAA-1-False,False
TTCGAGGATAGAAG-1-False,False
TTCGATTGAGCATC-1-False,False
TTCGGAGAATGCCA-1-False,False
TTCGGAGATGTGCA-1-False,False
TTCGTATGAAAAGC-1-False,False
TTCGTATGGATAGA-1-False,False
TTCGTATGGTCTGA-1-False,False
TTCGTATGTCCTTA-1-False,False
TTCTACGAACGTAC-1-False,False
TTCTACGAGTTGGT-1-False,False
TTCTAGTGACACGT-1-False,False
TTCTAGTGCATGAC-1-False,False
TTCTAGTGGAGAGC-1-False,False
TTCTAGTGGTCACA-1-False,False
TTCTCAGAAGAGAT-1-False,False
TTCTCAGAAGCATC-1-False,False
TTCTCAGATGGAGG-1-False,False
TTCTGATGGAGACG-1-False,False
TTCTTACTCTGGAT-1-False,False
TTGAACCTCCTTGC-1-False,False
TTGAATGAACTACG-1-False,False
TTGAATGACTTACT-1-False,False
TTGAATGATCTCAT-1-False,False
TTGACACTCTGTAG-1-False,False
TTGACACTGATAAG-1-False,False
TTGAGGACAGAACA-1-False,False
TTGAGGACTACGCA-1-False,False
TTGAGGTGGACGGA-1-False,False
TTGCATTGAGCTAC-1-False,False
TTGCATTGCTAAGC-1-False,False
TTGCATTGTGACTG-1-False,False
TTGCTAACACCAAC-1-False,False
TTGCTAACACGCTA-1-False,False
TTGCTAACCACTCC-1-False,False
TTGCTATGGTACGT-1-False,False
TTGCTATGGTAGGG-1-False,False
TTGGAGACCAATCG-1-False,False
TTGGAGACGCTATG-1-False,False
TTGGAGACTATGGC-1-False,False
TTGGGAACTGAACC-1-False,False
TTGGTACTACTGGT-1-False,False
TTGGTACTCTTAGG-1-False,False
TTGGTACTGAATCC-1-False,False
TTGGTACTGGATTC-1-False,False
TTGTACACGTTGTG-1-False,False
TTGTACACTTGCAG-1-False,False
TTGTAGCTAGCTCA-1-False,False
TTGTAGCTCTCTTA-1-False,False
TTGTCATGGACGGA-1-False,False
TTTAGAGATCCTCG-1-False,False
TTTAGCTGATACCG-1-False,False
TTTAGCTGGATACC-1-False,False
TTTAGCTGTACTCT-1-False,False
TTTAGGCTCCTTTA-1-False,False
TTTATCCTGTTGTG-1-False,False
TTTCACGAGGTTCA-1-False,False
TTTCAGTGGAAGGC-1-False,False
TTTCAGTGTCACGA-1-False,False
TTTCAGTGTCTATC-1-False,False
TTTCAGTGTGCAGT-1-False,False
TTTCCAGAGGTGAG-1-False,False
TTTCGAACACCTGA-1-False,False
TTTCGAACTCTCAT-1-False,False
TTTCTACTGAGGCA-1-False,False
TTTCTACTTCCTCG-1-False,False
TTTGCATGAGAGGC-1-False,False
TTTGCATGCCTCAC-1-False,False
0-True,True
1-True,True
2-True,True
3-True,True
4-True,True
5-True,True
6-True,True
7-True,True
8-True,True
9-True,True
10-True,True
11-True,True
12-True,True
13-True,True
14-True,True
15-True,True
16-True,True
17-True,True
18-True,True
19-True,True
20-True,True
21-True,True
22-True,True
23-True,True
24-True,True
25-True,True
26-True,True
27-True,True
28-True,True
29-True,True
30-True,True
31-True,True
32-True,True
33-True,True
34-True,True
35-True,True
36-True,True
37-True,True
38-True,True
39-True,True
40-True,True
41-True,True
42-True,True
43-True,True
44-True,True
45-True,True
46-True,True
47-True,True
48-True,True
49-True,True
50-True,True
51-True,True
52-True,True
53-True,True
54-True,True
55-True,True
56-True,True
57-True,True
58-True,True
59-True,True
60-True,True
61-True,True
62-True,True
63-True,True
64-True,True
65-True,True
66-True,True
67-True,True
68-True,True
69-True,True
70-True,True
71-True,True
72-True,True
73-True,True
74-True,True
75-True,True
76-True,True
77-True,True
78-True,True
79-True,True
80-True,True
81-True,True
82-True,True
83-True,True
84-True,True
85-True,True
86-True,True
87-True,True
88-True,True
89-True,True
90-True,True
91-True,True
92-True,True
93-True,True
94-True,True
95-True,True
96-True,True
97-True,True
98-True,True
99-True,True
100-True,True
101-True,True
102-True,True
103-True,True
104-True,True
105-True,True
106-True,True
107-True,True
108-True,True
109-True,True
110-True,True
111-True,True
112-True,True
113-True,True
114-True,True
115-True,True
116-True,True
117-True,True
118-True,True
119-True,True
120-True,True
121-True,True
122-True,True
123-True,True
124-True,True
125-True,True
126-True,True
127-True,True
128-True,True
129-True,True
130-True,True
131-True,True
132-True,True
133-True,True
134-True,True
135-True,True
136-True,True
137-True,True
138-True,True
139-True,True
140-True,True
141-True,True
142-True,True
143-True,True
144-True,True
145-True,True
146-True,True
147-True,True
148-True,True
149-True,True
150-True,True
151-True,True
152-True,True
153-True,True
154-True,True
155-True,True
156-True,True
157-True,True
158-True,True
159-True,True
160-True,True
161-True,True
162-True,True
163-True,True
164-True,True
165-True,True
166-True,True
167-True,True
168-True,True
169-True,True
170-True,True
171-True,True
172-True,True
173-True,True
174-True,True
175-True,True
176-True,True
177-True,True
178-True,True
179-True,True
180-True,True
181-True,True
182-True,True
183-True,True
184-True,True
185-True,True
186-True,True
187-True,True
188-True,True
189-True,True
190-True,True
191-True,True
192-True,True
193-True,True
194-True,True
195-True,True
196-True,True
197-True,True
198-True,True
199-True,True
200-True,True
201-True,True
202-True,True
203-True,True
204-True,True
205-True,True
206-True,True
207-True,True
208-True,True
209-True,True
210-True,True
211-True,True
212-True,True
213-True,True
214-True,True
215-True,True
216-True,True
217-True,True
218-True,True
219-True,True
220-True,True
221-True,True
222-True,True
223-True,True
224-True,True
225-True,True
226-True,True
227-True,True
228-True,True
229-True,True
230-True,True
231-True,True
232-True,True
233-True,True
234-True,True
235-True,True
236-True,True
237-True,True
238-True,True
239-True,True
240-True,True
241-True,True
242-True,True
243-True,True
244-True,True
245-True,True
246-True,True
247-True,True
248-True,True
249-True,True
250-True,True
251-True,True
252-True,True
253-True,True
254-True,True
255-True,True
256-True,True
257-True,True
258-True,True
259-True,True
260-True,True
261-True,True
262-True,True
263-True,True
264-True,True
265-True,True
266-True,True
267-True,True
268-True,True
269-True,True
270-True,True
271-True,True
272-True,True
273-True,True
274-True,True
275-True,True
276-True,True
277-True,True
278-True,True
279-True,True
280-True,True
281-True,True
282-True,True
283-True,True
284-True,True
285-True,True
286-True,True
287-True,True
288-True,True
289-True,True
290-True,True
291-True,True
292-True,True
293-True,True
294-True,True
295-True,True
296-True,True
297-True,True
298-True,True
299-True,True
